ID,nome,sobrenome,email,sexo
1,Tyler,Macklin,tmacklin0@merriam-webster.com,Male
2,Ingeborg,Matthieson,imatthieson1@github.io,Female
3,Denny,Mattiussi,dmattiussi2@ihg.com,Female
4,Octavia,Avrahm,,Female
5,Joyann,O'Crevy,jocrevy4@desdev.cn,Female
6,Boonie,Pheazey,bpheazey5@rediff.com,Male
7,Moll,Khotler,mkhotler6@themeforest.net,Female
8,Sherill,Wellesley,,Female
9,Antone,Feehily,afeehily8@blogspot.com,Male
10,Maryrose,Daintry,mdaintry9@fastcompany.com,Female
11,Nestor,Heining,nheininga@theglobeandmail.com,Male
12,Berne,McBayne,bmcbayneb@hc360.com,Male
13,Tamarra,Pietroni,tpietronic@hp.com,Female
14,Norbert,MacIllrick,nmacillrickd@eventbrite.com,Male
15,Sean,Teather,steathere@blogger.com,Female
16,Forest,Nizard,fnizardf@e-recht24.de,Male
17,Leonanie,Verbruggen,lverbruggeng@dailymail.co.uk,Female
18,Allayne,Shireff,ashireffh@jalbum.net,Male
19,Dorian,Runacres,drunacresi@themeforest.net,Agender
20,Dru,Niblett,dniblettj@earthlink.net,Male
21,Honey,Boydle,hboydlek@typepad.com,Female
22,Aurie,Harvett,aharvettl@issuu.com,Female
23,Ahmad,Mettricke,amettrickem@cmu.edu,Male
24,Kelby,Hadland,khadlandn@cpanel.net,Male
25,Dominique,Give,dgiveo@whitehouse.gov,Female
26,Tyrus,Crimmins,tcrimminsp@ycombinator.com,Non-binary
27,Thacher,Rama,tramaq@qq.com,Male
28,Linnet,Wooldridge,lwooldridger@hud.gov,Female
29,Fancie,Reyson,freysons@squarespace.com,Female
30,Philly,Witard,pwitardt@vk.com,Female
31,Amabel,Fancett,,Female
32,Donna,Bahls,dbahlsv@goo.ne.jp,Female
33,Danila,von Nassau,dvonnassauw@trellian.com,Female
34,Napoleon,Delmonti,ndelmontix@hubpages.com,Male
35,Emanuel,Roote,erootey@livejournal.com,Bigender
36,Christi,Goodhay,cgoodhayz@blogtalkradio.com,Female
37,Zorine,Bardsley,,Female
38,Elnar,Kitchener,,Male
39,Colas,Smithson,csmithson12@newyorker.com,Male
40,Hunfredo,Clipsham,hclipsham13@liveinternet.ru,Male
41,Victoir,Bending,vbending14@quantcast.com,Agender
42,Chandal,Throssell,,Bigender
43,Sidoney,Gillie,sgillie16@ycombinator.com,Female
44,Adolph,Meighan,ameighan17@purevolume.com,Male
45,Yasmeen,Iacoviello,yiacoviello18@shop-pro.jp,Female
46,Philipa,Glasson,pglasson19@oracle.com,Female
47,Sophie,Nazareth,snazareth1a@ed.gov,Female
48,Garvin,Grishanov,ggrishanov1b@wufoo.com,Genderfluid
49,Raffaello,Rottger,rrottger1c@microsoft.com,Male
50,Brent,Streeter,bstreeter1d@ihg.com,Genderqueer
51,Robert,Shrieves,rshrieves1e@cbc.ca,Male
52,Obadias,Gritton,ogritton1f@mit.edu,Male
53,Dalis,Perse,dperse1g@unc.edu,Male
54,Nerte,Pasterfield,npasterfield1h@bbb.org,Female
55,Dominica,Tattershaw,,Female
56,Kendrick,Menzies,kmenzies1j@bloomberg.com,Male
57,Burg,Knightsbridge,bknightsbridge1k@berkeley.edu,Male
58,Debee,Knappe,dknappe1l@europa.eu,Female
59,Roxy,List,rlist1m@eepurl.com,Female
60,Burnard,Rosencwaig,brosencwaig1n@wikipedia.org,Male
61,Obediah,Barnfather,obarnfather1o@seattletimes.com,Male
62,Andrew,Hought,ahought1p@gravatar.com,Male
63,Ernie,Arnaudot,earnaudot1q@earthlink.net,Male
64,Timothea,Brignall,,Female
65,Denney,McArley,dmcarley1s@wisc.edu,Male
66,Corey,Marfell,cmarfell1t@a8.net,Polygender
67,Katlin,Brimilcome,kbrimilcome1u@bloglovin.com,Female
68,Lorens,Rainbow,lrainbow1v@bloglovin.com,Male
69,Norbert,Rizzotto,,Male
70,Salli,Silwood,ssilwood1x@vk.com,Female
71,Mufinella,Inkles,minkles1y@moonfruit.com,Female
72,Viv,Assel,,Female
73,Mahalia,Matthews,mmatthews20@indiegogo.com,Female
74,Bent,Harverson,bharverson21@squarespace.com,Male
75,Valerie,Fenix,vfenix22@sciencedaily.com,Female
76,Tonia,Dymidowski,tdymidowski23@ustream.tv,Female
77,Pamelina,Cocklie,pcocklie24@usnews.com,Female
78,Freeland,McKinn,,Male
79,Everard,Ginty,eginty26@devhub.com,Male
80,Cami,Mulrenan,cmulrenan27@ox.ac.uk,Female
81,Sybilla,Whatling,swhatling28@goo.gl,Female
82,Penni,Attride,pattride29@dailymotion.com,Female
83,Caria,Gaskin,cgaskin2a@histats.com,Female
84,Pieter,Wagstaffe,pwagstaffe2b@ameblo.jp,Male
85,Nisse,Marginson,nmarginson2c@java.com,Female
86,Carmen,Shitliff,cshitliff2d@fastcompany.com,Female
87,Gonzalo,MacCaull,gmaccaull2e@wunderground.com,Male
88,Anastassia,Tale,atale2f@nsw.gov.au,Female
89,Marcellus,Elsom,melsom2g@hubpages.com,Male
90,Kristofor,Tomczykowski,,Male
91,Foss,Hargreves,fhargreves2i@parallels.com,Male
92,Keelby,Careless,kcareless2j@indiatimes.com,Male
93,Madelina,Offin,moffin2k@github.com,Female
94,Portia,Buddock,pbuddock2l@ted.com,Female
95,Caye,Songest,csongest2m@meetup.com,Female
96,Shandeigh,Scroggins,sscroggins2n@constantcontact.com,Female
97,Raimondo,Chaudret,rchaudret2o@wikipedia.org,Male
98,Alden,Donnett,adonnett2p@economist.com,Male
99,Trip,Barlee,tbarlee2q@rakuten.co.jp,Male
100,Michaella,Farrens,mfarrens2r@prnewswire.com,Female
101,Bartlett,Fletcher,bfletcher2s@mail.ru,Male
102,Perl,Arnoult,parnoult2t@gravatar.com,Female
103,Angil,Bletcher,abletcher2u@amazon.de,Female
104,Hilda,Dimmack,,Female
105,Way,Checcuzzi,,Male
106,Ganny,Lochead,glochead2x@t-online.de,Male
107,Thaine,Galia,tgalia2y@plala.or.jp,Male
108,Issy,Taffee,itaffee2z@go.com,Female
109,Helga,Spriddle,hspriddle30@addthis.com,Female
110,Cassandre,Eyton,ceyton31@howstuffworks.com,Female
111,Edlin,Huyge,ehuyge32@auda.org.au,Male
112,Fredrika,Bligh,fbligh33@uiuc.edu,Female
113,Ester,Moyse,emoyse34@irs.gov,Female
114,Claudian,Mapstone,cmapstone35@booking.com,Male
115,Ondrea,Yesson,oyesson36@quantcast.com,Female
116,Dur,Trobridge,dtrobridge37@time.com,Male
117,Aaren,Mozzetti,amozzetti38@skyrock.com,Female
118,Stanislaw,Troop,stroop39@uiuc.edu,Male
119,Elbertina,Drummond,edrummond3a@ebay.com,Female
120,Bradley,Tolworth,,Male
121,Violet,Veldens,vveldens3c@technorati.com,Genderfluid
122,Daryl,Woodgate,dwoodgate3d@skype.com,Female
123,Alvan,Faveryear,afaveryear3e@sciencedaily.com,Non-binary
124,Hamlen,Clemanceau,hclemanceau3f@jalbum.net,Male
125,Vail,Reedy,vreedy3g@flickr.com,Male
126,Noll,Rosenbush,nrosenbush3h@dailymail.co.uk,Male
127,Colby,Gillaspy,cgillaspy3i@adobe.com,Male
128,Tate,Masurel,tmasurel3j@craigslist.org,Male
129,Luisa,Scrafton,lscrafton3k@imageshack.us,Bigender
130,Cesare,Banasiak,cbanasiak3l@alibaba.com,Male
131,Babette,Sharrock,bsharrock3m@telegraph.co.uk,Agender
132,Ranee,Betjes,rbetjes3n@drupal.org,Female
133,Nari,Izac,nizac3o@ycombinator.com,Female
134,Consalve,Lashbrook,clashbrook3p@chronoengine.com,Male
135,Iosep,Laurenceau,ilaurenceau3q@youtube.com,Male
136,Niccolo,Glencrosche,nglencrosche3r@free.fr,Male
137,Florance,Pellew,fpellew3s@homestead.com,Female
138,Lucius,Antognozzii,lantognozzii3t@google.nl,Male
139,Perle,Truran,ptruran3u@linkedin.com,Female
140,Sallie,Thick,sthick3v@xinhuanet.com,Polygender
141,Geneva,Rawlyns,grawlyns3w@cbc.ca,Female
142,Hillard,Meaddowcroft,hmeaddowcroft3x@joomla.org,Male
143,Annie,Emmanuel,aemmanuel3y@wikia.com,Female
144,Gavra,Knevett,gknevett3z@rediff.com,Female
145,Jerry,D'Alessandro,jdalessandro40@arstechnica.com,Female
146,Reese,Mirrlees,rmirrlees41@scientificamerican.com,Male
147,Nels,Wallen,nwallen42@jugem.jp,Male
148,Gaspard,Jaulmes,gjaulmes43@arstechnica.com,Male
149,Quincy,Vigus,qvigus44@baidu.com,Male
150,Eachelle,Rushbrook,erushbrook45@digg.com,Female
151,Sly,Frango,sfrango46@mac.com,Male
152,Gerard,Wallworth,gwallworth47@jimdo.com,Male
153,Ciel,Elden,celden48@weebly.com,Female
154,Brodie,Lukes,blukes49@163.com,Male
155,Marcelia,Carnall,mcarnall4a@mlb.com,Female
156,Corabel,Tatersale,ctatersale4b@tamu.edu,Genderfluid
157,Kasey,Riccard,kriccard4c@google.com.br,Female
158,Gwyn,Fosten,gfosten4d@bbb.org,Female
159,Vicki,Edworthie,vedworthie4e@photobucket.com,Female
160,Carrol,Joslow,cjoslow4f@lycos.com,Male
161,Micah,Bourthouloume,mbourthouloume4g@scientificamerican.com,Male
162,Ninon,Pashbee,npashbee4h@sbwire.com,Female
163,Karia,Redington,kredington4i@cisco.com,Female
164,Forbes,Shah,fshah4j@blogs.com,Agender
165,Barthel,McCreedy,bmccreedy4k@bandcamp.com,Male
166,Findlay,Baden,fbaden4l@hexun.com,Male
167,Fara,Paik,fpaik4m@dedecms.com,Female
168,Ruddy,Crabb,rcrabb4n@ucsd.edu,Male
169,Cliff,Ommanney,commanney4o@shop-pro.jp,Male
170,Elisha,Callister,ecallister4p@naver.com,Male
171,Germayne,Skrzynski,gskrzynski4q@gravatar.com,Male
172,Calvin,Stook,cstook4r@live.com,Male
173,Ajay,Monard,amonard4s@indiatimes.com,Female
174,Osborn,Rilton,orilton4t@google.co.uk,Male
175,Aloysius,Wilkins,awilkins4u@alibaba.com,Male
176,Rock,Shave,rshave4v@liveinternet.ru,Male
177,Cornelia,Ducroe,cducroe4w@ftc.gov,Female
178,Dedra,Offner,doffner4x@xinhuanet.com,Female
179,Meredithe,Tabert,mtabert4y@bbb.org,Female
180,Georgine,Caltera,gcaltera4z@miitbeian.gov.cn,Female
181,Danette,Rambaut,drambaut50@forbes.com,Female
182,Megen,Raison,mraison51@barnesandnoble.com,Female
183,Pavel,Quarry,pquarry52@sbwire.com,Male
184,Rozella,Walkinshaw,rwalkinshaw53@163.com,Female
185,Jard,Slay,jslay54@macromedia.com,Male
186,Starr,Sweatman,ssweatman55@zimbio.com,Female
187,Allyce,Tullett,atullett56@gmpg.org,Female
188,Caro,Loisi,cloisi57@tamu.edu,Female
189,Elwin,Delafont,edelafont58@merriam-webster.com,Male
190,Crista,Gamlin,cgamlin59@columbia.edu,Female
191,Quintus,Dominy,qdominy5a@twitter.com,Male
192,Tulley,Bedder,,Male
193,Christophe,Aveson,caveson5c@google.com.hk,Male
194,Everett,oldey,eoldey5d@sitemeter.com,Male
195,Teddy,Blackbourn,tblackbourn5e@mtv.com,Female
196,Othelia,Baulch,obaulch5f@eventbrite.com,Female
197,Karleen,Dyson,,Female
198,Moselle,Bratley,mbratley5h@disqus.com,Female
199,Roland,MacAllan,rmacallan5i@4shared.com,Male
200,Solomon,Gentner,sgentner5j@tinyurl.com,Male
201,Nicolas,Jost,njost5k@tamu.edu,Male
202,Idaline,Heppenspall,iheppenspall5l@unblog.fr,Female
203,Haleigh,Bentke,hbentke5m@nationalgeographic.com,Male
204,Adam,Gibbin,agibbin5n@1688.com,Male
205,Darla,Simmig,dsimmig5o@networksolutions.com,Female
206,Katharine,Jurczik,kjurczik5p@telegraph.co.uk,Female
207,Rayshell,Shilstone,rshilstone5q@goo.gl,Female
208,Natassia,Arrighini,narrighini5r@who.int,Female
209,Berrie,Lyston,blyston5s@constantcontact.com,Female
210,Engelbert,Scranny,escranny5t@columbia.edu,Male
211,Cherilynn,Micco,cmicco5u@wikispaces.com,Genderqueer
212,Eadie,Bowe,ebowe5v@tinypic.com,Female
213,Dionisio,Janu,djanu5w@omniture.com,Bigender
214,Jacinta,Bresner,jbresner5x@ted.com,Female
215,Fernando,Leithgoe,fleithgoe5y@cloudflare.com,Male
216,Lyn,Snar,lsnar5z@friendfeed.com,Female
217,Corrianne,Ary,cary60@oracle.com,Female
218,Meg,Gallehock,mgallehock61@washington.edu,Female
219,Myca,Di Batista,,Male
220,Silvano,Boshier,,Male
221,Muffin,Luetchford,mluetchford64@arstechnica.com,Female
222,Winthrop,Squibbs,wsquibbs65@dagondesign.com,Male
223,Melessa,Ceely,mceely66@woothemes.com,Female
224,Sylvan,Preston,spreston67@4shared.com,Male
225,Danila,Waleran,,Female
226,Jesus,Cottom,jcottom69@youtu.be,Male
227,Dorie,Cockrell,dcockrell6a@typepad.com,Male
228,Byrann,Aubri,baubri6b@sourceforge.net,Male
229,Lynnette,O'Deegan,lodeegan6c@ebay.com,Female
230,Bernard,Charge,bcharge6d@ehow.com,Male
231,Herman,Spadaro,hspadaro6e@stumbleupon.com,Male
232,Roldan,Latan,rlatan6f@parallels.com,Male
233,Joni,Neate,jneate6g@google.pl,Female
234,Raeann,Deniso,rdeniso6h@ocn.ne.jp,Female
235,Jens,Fold,jfold6i@craigslist.org,Male
236,Bay,Gauden,bgauden6j@google.es,Male
237,Maritsa,Beadnall,mbeadnall6k@yolasite.com,Female
238,Cointon,McGreil,cmcgreil6l@miitbeian.gov.cn,Male
239,Brendin,de Nore,bdenore6m@delicious.com,Bigender
240,Adrianne,Adshad,aadshad6n@ameblo.jp,Female
241,Chariot,Hawthorn,chawthorn6o@tinyurl.com,Genderfluid
242,Josselyn,Depke,jdepke6p@washingtonpost.com,Female
243,Constantine,Eberle,ceberle6q@liveinternet.ru,Female
244,Tandy,Harower,tharower6r@homestead.com,Female
245,Eden,Torresi,etorresi6s@blinklist.com,Non-binary
246,Izzy,Dwire,idwire6t@blog.com,Male
247,Wallace,Lyddyard,,Male
248,Corette,Livingstone,clivingstone6v@godaddy.com,Female
249,Virgilio,Le Gallo,,Male
250,Ryun,Blowne,rblowne6x@google.ru,Male
251,Florie,Gounard,fgounard6y@webeden.co.uk,Female
252,Beck,Dimock,bdimock6z@google.de,Male
253,Riobard,Noods,rnoods70@admin.ch,Male
254,Joline,Sowte,jsowte71@newsvine.com,Female
255,Danny,Shortcliffe,dshortcliffe72@theglobeandmail.com,Male
256,Carmina,Kemston,ckemston73@hugedomains.com,Female
257,Ezekiel,Latchmore,elatchmore74@fotki.com,Male
258,Pandora,Vignal,pvignal75@biglobe.ne.jp,Female
259,Annelise,Bravery,abravery76@si.edu,Female
260,Tedie,Patchett,tpatchett77@ow.ly,Male
261,Gonzales,Corsar,gcorsar78@tmall.com,Male
262,Timothee,Marion,tmarion79@reddit.com,Male
263,Catrina,Gatley,cgatley7a@behance.net,Female
264,Julie,Durno,jdurno7b@booking.com,Male
265,Romeo,Saffon,,Non-binary
266,Chantalle,Hallan,challan7d@oakley.com,Female
267,Shannen,Maas,smaas7e@cisco.com,Female
268,Ellwood,Lighten,elighten7f@gov.uk,Genderqueer
269,Abigael,Jewson,,Female
270,Brendan,Spadotto,bspadotto7h@last.fm,Male
271,Nannette,Ohlsen,nohlsen7i@dailymail.co.uk,Female
272,Adler,Kanzler,,Agender
273,Lilah,Shawl,lshawl7k@biblegateway.com,Female
274,Sherm,Yurukhin,syurukhin7l@shinystat.com,Male
275,Den,Harewood,dharewood7m@constantcontact.com,Male
276,Glynis,Dahlborg,gdahlborg7n@soundcloud.com,Female
277,Georgianne,Penright,gpenright7o@nydailynews.com,Female
278,Adolf,Duckering,aduckering7p@facebook.com,Polygender
279,Antoinette,Breissan,,Female
280,Lira,Oakshott,loakshott7r@icq.com,Female
281,Lauren,Conneely,lconneely7s@wisc.edu,Male
282,Heinrick,Desaur,hdesaur7t@linkedin.com,Male
283,Elia,Petkovic,epetkovic7u@nationalgeographic.com,Male
284,Chris,O'Keaveny,cokeaveny7v@desdev.cn,Male
285,Dorian,Swettenham,dswettenham7w@harvard.edu,Male
286,Vasilis,Baskett,vbaskett7x@oakley.com,Male
287,Ignazio,Babington,ibabington7y@amazon.com,Male
288,Tyson,Keable,,Male
289,Felix,Regitz,fregitz80@businessinsider.com,Male
290,Cassaundra,Domke,cdomke81@sourceforge.net,Female
291,Gilda,Agass,gagass82@sciencedaily.com,Female
292,Phebe,Kasparski,pkasparski83@state.tx.us,Female
293,Nancey,Lister,nlister84@addthis.com,Female
294,Inessa,Hane,ihane85@php.net,Female
295,Yolande,Buzzing,ybuzzing86@latimes.com,Female
296,Johnette,Summerlad,jsummerlad87@wufoo.com,Genderfluid
297,Sarene,Folds,sfolds88@webs.com,Female
298,Ludovika,Lean,llean89@admin.ch,Female
299,Marcel,Lang,mlang8a@mysql.com,Male
300,Sal,Tape,stape8b@mayoclinic.com,Bigender
301,Briant,Geertz,bgeertz8c@deliciousdays.com,Male
302,Petronella,Giller,pgiller8d@github.io,Bigender
303,Margret,Kadar,mkadar8e@dmoz.org,Female
304,Lorens,Gligori,lgligori8f@mashable.com,Male
305,Dorri,Linkin,dlinkin8g@discuz.net,Female
306,Alyce,Di Biagi,adibiagi8h@msu.edu,Female
307,Vincents,Sandeford,,Male
308,Odelinda,Hugonnet,ohugonnet8j@fda.gov,Female
309,Mada,Cufflin,mcufflin8k@sbwire.com,Female
310,Udell,Grief,ugrief8l@cdbaby.com,Male
311,Deeann,Dogg,ddogg8m@umich.edu,Female
312,Sauncho,Vernazza,,Male
313,George,Poolton,gpoolton8o@pen.io,Male
314,Krisha,Pashen,kpashen8p@chron.com,Male
315,Humphrey,Bernade,,Bigender
316,Alicia,Bathersby,abathersby8r@cyberchimps.com,Female
317,Whitney,Belch,wbelch8s@homestead.com,Male
318,Roselle,Sheehy,rsheehy8t@myspace.com,Non-binary
319,Phil,Copo,pcopo8u@altervista.org,Male
320,Burl,Cattellion,bcattellion8v@fda.gov,Male
321,Elvira,Deedes,edeedes8w@dell.com,Female
322,Nolan,Jancic,njancic8x@upenn.edu,Male
323,Winny,Denson,wdenson8y@trellian.com,Non-binary
324,Ware,Gehrtz,,Male
325,Hastie,Defty,hdefty90@privacy.gov.au,Male
326,Shawn,Abdon,sabdon91@blogs.com,Male
327,Saxe,Immins,simmins92@purevolume.com,Male
328,Dorey,Selwyn,dselwyn93@stanford.edu,Male
329,Cortie,Winsor,cwinsor94@bbc.co.uk,Male
330,Ynez,Ryles,yryles95@statcounter.com,Female
331,Angel,Huff,ahuff96@tuttocitta.it,Male
332,Frants,Hoogendorp,fhoogendorp97@aol.com,Male
333,Cyb,Gransden,cgransden98@ucsd.edu,Female
334,Talbot,Henbury,thenbury99@biglobe.ne.jp,Male
335,Phil,Feacham,pfeacham9a@jugem.jp,Female
336,Ellen,Purcer,epurcer9b@list-manage.com,Non-binary
337,Antonina,Burgisi,aburgisi9c@discuz.net,Female
338,Florencia,Preddy,fpreddy9d@naver.com,Female
339,Barbe,Di Franceshci,bdifranceshci9e@umn.edu,Female
340,Vincent,Chaffe,vchaffe9f@cnn.com,Male
341,Pietro,Fateley,pfateley9g@cloudflare.com,Male
342,Timothee,Hatje,thatje9h@sphinn.com,Male
343,Marya,Lickorish,mlickorish9i@jimdo.com,Female
344,Ludovika,M'Quharge,lmquharge9j@qq.com,Female
345,Valeda,Sallenger,,Female
346,Grenville,Ferraro,gferraro9l@deliciousdays.com,Male
347,Alexio,McAulay,amcaulay9m@imdb.com,Male
348,Jaime,Waine,jwaine9n@storify.com,Female
349,Care,Sayers,csayers9o@cbsnews.com,Male
350,Valentino,Coonan,vcoonan9p@livejournal.com,Male
351,Norbie,Giacoboni,ngiacoboni9q@mtv.com,Male
352,Dorelia,Arnault,darnault9r@virginia.edu,Female
353,Lavinie,Zannelli,lzannelli9s@dedecms.com,Female
354,Tomlin,Hriinchenko,thriinchenko9t@cmu.edu,Male
355,Verene,Spadaro,,Female
356,Sanderson,Matfin,smatfin9v@multiply.com,Male
357,Bastian,Free,bfree9w@google.com.au,Male
358,Rubina,Farrens,,Female
359,Rodrique,Quin,,Male
360,Winni,Gheerhaert,wgheerhaert9z@rediff.com,Female
361,Sigismondo,Kirwood,,Male
362,Othilie,Puttick,oputticka1@creativecommons.org,Female
363,Ric,Louthe,rlouthea2@tiny.cc,Male
364,Raimundo,Leppingwell,rleppingwella3@moonfruit.com,Male
365,Tova,Paddeley,tpaddeleya4@usgs.gov,Agender
366,Irma,Alcalde,ialcaldea5@archive.org,Female
367,Ariana,Surphliss,asurphlissa6@uiuc.edu,Female
368,Perice,Shurmore,pshurmorea7@alibaba.com,Male
369,Joey,Palfreeman,jpalfreemana8@ucsd.edu,Male
370,Fleur,Provis,fprovisa9@earthlink.net,Female
371,Mitzi,Letterese,,Female
372,Nefen,Exall,nexallab@bloglovin.com,Male
373,Daffie,Glascott,dglascottac@cnn.com,Female
374,Yoko,Dahlgren,ydahlgrenad@pbs.org,Female
375,Lynn,Douris,ldourisae@webnode.com,Male
376,Zola,Lichfield,zlichfieldaf@ezinearticles.com,Female
377,Guillemette,Cappel,gcappelag@ted.com,Female
378,Joline,Luscombe,jluscombeah@eepurl.com,Female
379,Brigg,Dickerson,,Male
380,Teodoro,Diplock,tdiplockaj@meetup.com,Male
381,Chastity,Zisneros,czisnerosak@soup.io,Female
382,Drew,Coppock.,dcoppockal@goo.gl,Male
383,Katy,Goodall,kgoodallam@google.cn,Female
384,Adda,Grange,,Female
385,Kare,Mucklestone,kmucklestoneao@uiuc.edu,Female
386,Marita,Brach,mbrachap@fema.gov,Female
387,Reid,Couldwell,rcouldwellaq@globo.com,Male
388,Ninnetta,Mummery,nmummeryar@liveinternet.ru,Female
389,Eirena,Scroyton,escroytonas@tmall.com,Female
390,Euell,Nannini,enanniniat@rambler.ru,Male
391,Merill,Dederick,mdederickau@opensource.org,Male
392,Vachel,Nussii,vnussiiav@list-manage.com,Male
393,Gertrud,Beckers,gbeckersaw@mashable.com,Female
394,Thane,Lethbury,tlethburyax@dot.gov,Male
395,Gracie,Tomasino,gtomasinoay@csmonitor.com,Female
396,Taddeo,Wynrehame,twynrehameaz@feedburner.com,Male
397,Alexandr,Dany,adanyb0@angelfire.com,Male
398,Yance,Dawnay,,Male
399,Logan,Klazenga,,Male
400,Hendrika,Buncher,hbuncherb3@artisteer.com,Female
401,Rand,Archanbault,rarchanbaultb4@mapquest.com,Male
402,Marion,Sissot,msissotb5@guardian.co.uk,Male
403,Salvidor,Horsey,,Male
404,Huntlee,Hurtic,hhurticb7@mashable.com,Male
405,Myrtice,Hupe,mhupeb8@sun.com,Female
406,Conrad,Stockau,cstockaub9@themeforest.net,Male
407,Phebe,Iddy,piddyba@psu.edu,Female
408,Alexandre,Maughan,amaughanbb@fc2.com,Male
409,Emylee,Klein,,Female
410,Robbie,Ravel,rravelbd@dagondesign.com,Agender
411,Gabriellia,Crinkley,gcrinkleybe@usgs.gov,Agender
412,Murielle,Bambery,mbamberybf@omniture.com,Female
413,Nathalia,Zimmermanns,nzimmermannsbg@ucla.edu,Female
414,Andra,Rouby,aroubybh@noaa.gov,Female
415,Phebe,Asken,paskenbi@cargocollective.com,Female
416,Denney,Martin,dmartinbj@pagesperso-orange.fr,Male
417,Mikol,Battany,mbattanybk@google.com,Male
418,Marlin,O'Dooghaine,modooghainebl@jigsy.com,Genderqueer
419,Cleon,Bartalucci,cbartaluccibm@so-net.ne.jp,Male
420,Arielle,Nannizzi,,Female
421,Charmane,O' Flaherty,coflahertybo@jalbum.net,Female
422,Kaylil,Edington,kedingtonbp@artisteer.com,Female
423,Andre,Maypole,amaypolebq@google.fr,Male
424,Ruthe,Pavese,rpavesebr@ucoz.ru,Female
425,Ax,Rasor,arasorbs@discuz.net,Male
426,Marney,McVitie,,Female
427,Silas,Quarless,squarlessbu@yellowbook.com,Male
428,Sibilla,Chivrall,schivrallbv@ucoz.com,Female
429,Bertha,Riggoll,briggollbw@unc.edu,Female
430,Cirstoforo,Bussey,cbusseybx@theatlantic.com,Male
431,Kristel,Bidewel,kbidewelby@intel.com,Female
432,Nikkie,Djekovic,ndjekovicbz@vistaprint.com,Female
433,Huey,Einchcombe,heinchcombec0@zdnet.com,Male
434,Ulrica,Feldbrin,ufeldbrinc1@vimeo.com,Female
435,Danika,Neagle,dneaglec2@vimeo.com,Female
436,Nelle,Emms,nemmsc3@shop-pro.jp,Agender
437,Harley,Caccavella,hcaccavellac4@deliciousdays.com,Male
438,Mala,Keesman,mkeesmanc5@xing.com,Agender
439,Adan,Gomm,agommc6@networksolutions.com,Male
440,Johnathon,Olivie,joliviec7@slideshare.net,Male
441,Doralynne,Newrick,dnewrickc8@google.com.br,Female
442,Darrick,Franzen,dfranzenc9@yale.edu,Male
443,Corey,Sandbach,csandbachca@360.cn,Female
444,Staffard,Crosland,,Male
445,Roanna,Berzon,rberzoncc@pcworld.com,Female
446,Cull,Sporgeon,csporgeoncd@cbsnews.com,Bigender
447,Garry,Fivey,gfiveyce@shutterfly.com,Male
448,Conn,Sage,csagecf@state.gov,Male
449,Gaven,Blackmoor,gblackmoorcg@census.gov,Male
450,Rod,Leeuwerink,rleeuwerinkch@liveinternet.ru,Male
451,Venus,Beswell,vbeswellci@cocolog-nifty.com,Female
452,Corbin,McAlpin,cmcalpincj@unblog.fr,Male
453,Quentin,Sehorsch,,Female
454,Melantha,Coomer,,Female
455,Milissent,Anthony,manthonycm@mail.ru,Female
456,Silas,Millen,smillencn@state.tx.us,Male
457,Torre,Fergie,tfergieco@wix.com,Male
458,Gauthier,Seagar,gseagarcp@techcrunch.com,Male
459,Cchaddie,Turford,cturfordcq@netscape.com,Male
460,Earl,Byforth,ebyforthcr@ebay.co.uk,Male
461,Moria,Melendez,mmelendezcs@icio.us,Female
462,Cathee,Regi,,Female
463,Lebbie,Charrier,lcharriercu@jigsy.com,Female
464,Etty,Ramiro,eramirocv@storify.com,Female
465,Chickie,McDell,cmcdellcw@census.gov,Female
466,Tommie,Garnam,tgarnamcx@cornell.edu,Female
467,Cyb,Stares,cstarescy@comsenz.com,Female
468,Shayne,Clempton,sclemptoncz@wikipedia.org,Female
469,Hermia,Tunnadine,htunnadined0@baidu.com,Female
470,Stacie,Ucchino,succhinod1@baidu.com,Female
471,Arnaldo,Duffitt,aduffittd2@nasa.gov,Bigender
472,Shandie,Sievewright,ssievewrightd3@nymag.com,Female
473,Evangelin,Prene,eprened4@netvibes.com,Female
474,Bunny,Manclark,bmanclarkd5@squidoo.com,Non-binary
475,Reagen,Patriche,rpatriched6@netlog.com,Male
476,Benson,de'-Ancy Willis,bdeancywillisd7@google.cn,Male
477,Zabrina,Effnert,zeffnertd8@gravatar.com,Genderfluid
478,Evanne,Gainor,egainord9@gravatar.com,Female
479,Gigi,Mazzia,gmazziada@gov.uk,Female
480,Pearce,Lapslie,plapsliedb@dion.ne.jp,Male
481,Ruperto,Lowre,rlowredc@apple.com,Male
482,Ruddie,Fishburn,rfishburndd@sfgate.com,Male
483,Chevy,Pena,cpenade@salon.com,Male
484,Mattias,Avraham,mavrahamdf@guardian.co.uk,Male
485,Genvieve,Garlette,ggarlettedg@exblog.jp,Female
486,Amata,Charles,acharlesdh@cpanel.net,Female
487,Everard,Ewington,,Male
488,Abram,Childrens,achildrensdj@addtoany.com,Male
489,Laurel,Kenneway,lkennewaydk@google.cn,Female
490,Mariann,Billing,mbillingdl@xrea.com,Female
491,Durante,Camies,dcamiesdm@hud.gov,Male
492,Gabi,Fennick,gfennickdn@arizona.edu,Female
493,Claybourne,D'Aeth,cdaethdo@nydailynews.com,Male
494,Shannon,Piell,spielldp@google.com.au,Male
495,Palmer,Coppens,pcoppensdq@economist.com,Male
496,Taryn,Ovitz,tovitzdr@dot.gov,Female
497,Olympe,Hartington,ohartingtonds@about.com,Female
498,Conant,Keenleyside,ckeenleysidedt@craigslist.org,Male
499,Shalne,Jeger,sjegerdu@telegraph.co.uk,Female
500,Dael,Acum,dacumdv@thetimes.co.uk,Female
501,Bailie,Gwyllt,bgwylltdw@redcross.org,Male
502,Lucinda,Marqyes,lmarqyesdx@harvard.edu,Female
503,Mitch,de Copeman,mdecopemandy@ucla.edu,Male
504,Stanislaw,Doick,sdoickdz@prweb.com,Male
505,Fayina,Gilpillan,fgilpillane0@accuweather.com,Female
506,Celina,Garrison,cgarrisone1@hostgator.com,Female
507,Lammond,Moller,lmollere2@cisco.com,Male
508,Aridatha,Shoebotham,ashoebothame3@netscape.com,Female
509,Tansy,Cluney,tcluneye4@people.com.cn,Female
510,Reece,Ealden,realdene5@dagondesign.com,Male
511,Valentino,Robrose,vrobrosee6@bbc.co.uk,Male
512,Sholom,Southerill,ssoutherille7@bigcartel.com,Male
513,Luci,Boseley,,Female
514,Arron,Haddy,ahaddye9@miibeian.gov.cn,Male
515,Colman,McPartling,cmcpartlingea@sun.com,Male
516,Querida,Gerauld,qgerauldeb@dyndns.org,Female
517,Bent,Ames,bamesec@mayoclinic.com,Male
518,Opal,Galilee,,Female
519,Davidson,Laxen,dlaxenee@acquirethisname.com,Male
520,Rona,Mocker,rmockeref@gnu.org,Female
521,Audra,Oaker,,Female
522,Quill,Meritt,qmeritteh@cocolog-nifty.com,Male
523,Lenora,Instock,linstockei@seattletimes.com,Female
524,Bear,Taw,btawej@apache.org,Male
525,Shea,Gunner,sgunnerek@apple.com,Agender
526,Brade,Plitz,,Non-binary
527,Raymond,Bratton,rbrattonem@vk.com,Male
528,Leann,Rosenkrantz,lrosenkrantzen@army.mil,Female
529,Costa,De Domenico,cdedomenicoeo@tamu.edu,Male
530,Vinnie,Orme,vormeep@microsoft.com,Female
531,Tonia,Beumant,tbeumanteq@smugmug.com,Female
532,Morgen,Frigot,,Male
533,Virgilio,Donnison,vdonnisones@geocities.com,Male
534,Luigi,Noah,lnoahet@sciencedirect.com,Male
535,Rockey,Planque,rplanqueeu@whitehouse.gov,Male
536,Cathyleen,Yanele,,Female
537,Faina,Winney,fwinneyew@ihg.com,Female
538,Chase,Leishman,cleishmanex@webs.com,Male
539,Nevsa,Olivas,nolivasey@theguardian.com,Female
540,Wylma,Gentle,wgentleez@nydailynews.com,Female
541,Sebastien,Irnys,sirnysf0@pinterest.com,Male
542,Hube,McTerry,hmcterryf1@slate.com,Male
543,Bo,Galliver,bgalliverf2@geocities.jp,Male
544,Yale,Andreix,yandreixf3@rambler.ru,Male
545,Theda,Hallstone,thallstonef4@t-online.de,Polygender
546,Shena,Stanwix,sstanwixf5@goodreads.com,Female
547,Mame,Woodison,mwoodisonf6@list-manage.com,Female
548,Gerardo,Feavers,gfeaversf7@yandex.ru,Genderfluid
549,Roy,Schoffel,rschoffelf8@blogger.com,Male
550,Michal,Thresher,mthresherf9@scribd.com,Female
551,Serge,Farny,sfarnyfa@mlb.com,Male
552,Lanny,Bruinemann,lbruinemannfb@aol.com,Male
553,Rowena,Idale,,Female
554,Avrom,Rosenau,arosenaufd@discovery.com,Male
555,Camellia,Peverell,cpeverellfe@trellian.com,Female
556,Rutherford,Cartmel,rcartmelff@desdev.cn,Male
557,Jeanette,Mauditt,jmaudittfg@nifty.com,Female
558,Bertrand,McKinlay,bmckinlayfh@merriam-webster.com,Male
559,Towney,Jellybrand,tjellybrandfi@addthis.com,Male
560,Anjela,Blaxall,ablaxallfj@mit.edu,Female
561,Ricky,Dumphrey,rdumphreyfk@ustream.tv,Male
562,Vernice,Roads,vroadsfl@godaddy.com,Female
563,Lyon,Eaddy,leaddyfm@twitter.com,Male
564,Silvain,Tallent,stallentfn@biblegateway.com,Male
565,Richy,Aguilar,raguilarfo@weibo.com,Male
566,Dorey,McIlriach,dmcilriachfp@canalblog.com,Male
567,Lilllie,Bilsborrow,,Female
568,Gusta,Betjes,gbetjesfr@nhs.uk,Female
569,Abelard,Pohls,apohlsfs@nba.com,Male
570,Merell,George,mgeorgeft@symantec.com,Male
571,Cristen,Dugood,cdugoodfu@google.cn,Female
572,Eldin,Orpyne,eorpynefv@networkadvertising.org,Male
573,Ram,Pabst,rpabstfw@scientificamerican.com,Male
574,Cornela,Spilsburie,cspilsburiefx@pagesperso-orange.fr,Genderqueer
575,George,Wyldish,gwyldishfy@slashdot.org,Male
576,Aggi,Secrett,asecrettfz@amazon.de,Female
577,Aliza,Croom,acroomg0@phpbb.com,Female
578,Herminia,Gibke,hgibkeg1@linkedin.com,Female
579,Sandye,Bowling,sbowlingg2@google.pl,Female
580,Minnnie,Collingworth,mcollingworthg3@angelfire.com,Female
581,Joleen,Dincey,jdinceyg4@home.pl,Polygender
582,Stormie,Zannini,szanninig5@geocities.jp,Female
583,Roma,Heaphy,rheaphyg6@sciencedirect.com,Male
584,Stern,Fewster,sfewsterg7@msn.com,Male
585,Colet,Fredi,cfredig8@mayoclinic.com,Male
586,Ragnar,Gregolin,rgregoling9@networksolutions.com,Male
587,Celene,Constance,cconstancega@umich.edu,Female
588,Addison,Given,agivengb@go.com,Male
589,Mikol,Harpin,mharpingc@squidoo.com,Male
590,Nathanael,Aspole,naspolegd@cornell.edu,Male
591,Mac,Bayfield,mbayfieldge@mlb.com,Male
592,Michal,Bourdas,,Male
593,Dud,Milland,dmillandgg@flickr.com,Male
594,Winnifred,Strickett,wstrickettgh@aboutads.info,Female
595,Murvyn,Hadland,mhadlandgi@lycos.com,Male
596,Madison,Pittle,mpittlegj@economist.com,Non-binary
597,Heywood,Ipsgrave,hipsgravegk@netvibes.com,Male
598,Agna,Sciusscietto,asciussciettogl@cam.ac.uk,Female
599,Doris,Shayler,dshaylergm@hubpages.com,Female
600,Nesta,Archibald,narchibaldgn@studiopress.com,Female
601,Lorita,Heningham,lheninghamgo@devhub.com,Female
602,Ignatius,Highway,ihighwaygp@columbia.edu,Male
603,Tierney,Coldicott,tcoldicottgq@dropbox.com,Female
604,Dorri,Pfleger,dpflegergr@sohu.com,Female
605,Becky,Povah,bpovahgs@creativecommons.org,Female
606,Pip,Boden,,Agender
607,Clarke,Coster,ccostergu@cdc.gov,Male
608,Rock,Butland,rbutlandgv@e-recht24.de,Agender
609,Sascha,Seater,sseatergw@github.com,Male
610,Onfroi,Youens,oyouensgx@weibo.com,Male
611,Darb,Chazotte,dchazottegy@blog.com,Female
612,Richy,Alcock,,Male
613,Hermia,Crampin,hcrampinh0@youtu.be,Female
614,Tabatha,Fillgate,tfillgateh1@webmd.com,Female
615,Gilli,Isenor,gisenorh2@mapy.cz,Female
616,Lilias,Denacamp,ldenacamph3@dmoz.org,Female
617,Birch,Mackison,bmackisonh4@mail.ru,Male
618,Estevan,MacKellen,emackellenh5@w3.org,Male
619,Danny,Jonczyk,djonczykh6@wix.com,Female
620,Spencer,Guilder,sguilderh7@behance.net,Male
621,Davon,Thurber,dthurberh8@discuz.net,Male
622,Dollie,Kusick,dkusickh9@fotki.com,Female
623,Georgetta,Choak,gchoakha@buzzfeed.com,Female
624,Cassondra,de Guise,cdeguisehb@ocn.ne.jp,Female
625,Prince,Coldman,pcoldmanhc@google.ru,Male
626,Monah,Cornels,mcornelshd@usda.gov,Female
627,Benyamin,Meins,bmeinshe@ted.com,Male
628,Gustave,Dene,gdenehf@eepurl.com,Male
629,Cecilia,Andrichuk,candrichukhg@cisco.com,Female
630,Melitta,Fancet,mfancethh@360.cn,Female
631,Svend,Stroulger,sstroulgerhi@scientificamerican.com,Male
632,Kevan,Cartledge,,Male
633,Tremayne,Allinson,tallinsonhk@example.com,Male
634,Aggy,Brafield,,Female
635,Nils,Winfrey,nwinfreyhm@hubpages.com,Male
636,Errol,Gillford,egillfordhn@theatlantic.com,Male
637,Garfield,Roxbee,groxbeeho@npr.org,Male
638,Olly,Sedgeworth,osedgeworthhp@mlb.com,Male
639,Chickie,Plowes,cploweshq@bloglines.com,Female
640,Gayelord,Demchen,gdemchenhr@51.la,Male
641,Sanders,Neame,,Male
642,Brigham,Batterham,bbatterhamht@drupal.org,Male
643,Lucia,Meaker,lmeakerhu@craigslist.org,Female
644,Jamill,Fere,jferehv@newsvine.com,Agender
645,Breanne,Yerill,byerillhw@howstuffworks.com,Female
646,Vasili,Ledrun,vledrunhx@hp.com,Genderfluid
647,Horton,Arter,harterhy@cisco.com,Male
648,Giuditta,McLenahan,gmclenahanhz@soup.io,Female
649,Cary,Fallows,cfallowsi0@reference.com,Male
650,Griffy,McKevin,gmckevini1@tumblr.com,Male
651,Rollo,Melley,rmelleyi2@loc.gov,Male
652,Arabella,Turneaux,aturneauxi3@webeden.co.uk,Female
653,Travus,Suddards,tsuddardsi4@biblegateway.com,Male
654,Shelden,Noblett,snobletti5@marketwatch.com,Male
655,Clari,Colleford,ccollefordi6@mozilla.org,Female
656,Dalton,Huggan,dhuggani7@sakura.ne.jp,Bigender
657,Barnabe,Wilsher,bwilsheri8@arizona.edu,Male
658,Mercedes,Baxendale,mbaxendalei9@gravatar.com,Female
659,Gus,Elphey,,Female
660,Lissi,Litterick,llitterickib@photobucket.com,Female
661,Ilyssa,Bugge,ibuggeic@wix.com,Female
662,Desdemona,Furley,dfurleyid@hostgator.com,Female
663,Gray,Bickmore,gbickmoreie@wikia.com,Male
664,Saleem,Dossettor,sdossettorif@wired.com,Male
665,Brendis,Francescone,bfrancesconeig@forbes.com,Male
666,Hilarius,Nesbeth,hnesbethih@merriam-webster.com,Male
667,Daune,Stollenbecker,,Female
668,Devlin,Tuohy,dtuohyij@guardian.co.uk,Male
669,Nikoletta,Brunini,nbruniniik@feedburner.com,Female
670,Donna,Dillon,ddillonil@constantcontact.com,Female
671,Tim,Ayre,tayreim@patch.com,Female
672,Grissel,Jacobssen,gjacobssenin@t.co,Female
673,Elizabeth,Fussen,efussenio@elpais.com,Female
674,Malva,Jacobsz,mjacobszip@patch.com,Genderqueer
675,Calvin,Barreau,cbarreauiq@statcounter.com,Male
676,Haydon,Linklet,,Male
677,Perla,Sheaber,psheaberis@archive.org,Female
678,Kevan,Joscelyn,kjoscelynit@fema.gov,Male
679,Thorin,Dornin,tdorniniu@google.es,Male
680,Tedie,McKenna,tmckennaiv@walmart.com,Male
681,Joel,Viall,jvialliw@yandex.ru,Male
682,Clerkclaude,Penke,cpenkeix@upenn.edu,Non-binary
683,Abdul,Freire,afreireiy@imageshack.us,Male
684,Daffy,MacDermid,dmacdermidiz@woothemes.com,Female
685,Teriann,Philippson,,Female
686,Kala,Whitley,kwhitleyj1@tiny.cc,Female
687,Lyle,Jarrette,,Male
688,Helaine,Prattin,hprattinj3@dailymail.co.uk,Female
689,Ansley,Dik,adikj4@e-recht24.de,Polygender
690,Theadora,Fairall,tfairallj5@dailymotion.com,Female
691,Noland,Buttery,nbutteryj6@slashdot.org,Agender
692,Hadrian,Edinburough,hedinburoughj7@discovery.com,Male
693,Ode,Deville,,Non-binary
694,Doug,Gilcriest,dgilcriestj9@archive.org,Male
695,Sigfried,Cariss,scarissja@google.com,Genderfluid
696,Thomasin,Flanaghan,tflanaghanjb@rambler.ru,Female
697,Jasun,Laverock,jlaverockjc@goo.gl,Male
698,Charlot,Ferrierio,cferrieriojd@ustream.tv,Female
699,Ailina,Gladdin,,Female
700,Ingrid,Hampstead,ihampsteadjf@shop-pro.jp,Female
701,Gussi,Plummer,gplummerjg@about.com,Female
702,Lenette,Senton,lsentonjh@acquirethisname.com,Female
703,Carlene,Shawcroft,cshawcroftji@nsw.gov.au,Female
704,Krystal,Canto,kcantojj@baidu.com,Female
705,Britte,Head,bheadjk@reddit.com,Female
706,Carlo,Ogilvie,cogilviejl@samsung.com,Male
707,Constantino,Mosten,cmostenjm@wp.com,Male
708,Geordie,Greenwell,ggreenwelljn@nyu.edu,Polygender
709,Svend,Champe,schampejo@list-manage.com,Male
710,Meredithe,Fippe,mfippejp@diigo.com,Female
711,Raquela,Shawcroft,,Female
712,Maddalena,Newling,mnewlingjr@kickstarter.com,Female
713,Red,Frensch,rfrenschjs@google.co.uk,Male
714,Brittney,Tann,btannjt@archive.org,Female
715,Kerr,Iskov,,Male
716,Aile,Curtain,acurtainjv@usgs.gov,Female
717,Jimmy,Ison,,Agender
718,Bert,Lutzmann,,Male
719,Enrique,Rubanenko,erubanenkojy@imageshack.us,Male
720,Arley,Woolpert,awoolpertjz@technorati.com,Male
721,Tonnie,Dibbs,tdibbsk0@economist.com,Male
722,Saundra,Sentance,ssentancek1@nydailynews.com,Female
723,Edvard,Sylett,esylettk2@forbes.com,Male
724,Carlee,Letteresse,cletteressek3@hhs.gov,Female
725,Nert,Sercombe,nsercombek4@hugedomains.com,Female
726,Doyle,Skypp,dskyppk5@slate.com,Male
727,Muffin,Moylan,,Female
728,Guillaume,Pinnock,gpinnockk7@independent.co.uk,Male
729,Finn,Kobes,fkobesk8@mozilla.com,Male
730,Klarika,Wornham,kwornhamk9@sitemeter.com,Female
731,Donalt,Oswick,doswickka@ihg.com,Male
732,Yale,Arent,,Male
733,Cecil,Pybus,cpybuskc@nba.com,Male
734,Gerome,Antunes,gantuneskd@mtv.com,Male
735,Granville,Tunna,gtunnake@shinystat.com,Male
736,Fanya,Patmore,fpatmorekf@simplemachines.org,Agender
737,Jo,Birch,jbirchkg@facebook.com,Female
738,Brad,Hakonsen,bhakonsenkh@deviantart.com,Male
739,Carroll,Leggon,cleggonki@altervista.org,Male
740,Myranda,Doctor,mdoctorkj@blogger.com,Female
741,Hyacintha,Solon,hsolonkk@xrea.com,Female
742,Othello,Riha,orihakl@bravesites.com,Male
743,Nicol,Lindwasser,nlindwasserkm@baidu.com,Male
744,Nev,Hamflett,nhamflettkn@instagram.com,Male
745,Osgood,Voyce,ovoyceko@mail.ru,Male
746,Adelbert,McCullock,amccullockkp@mozilla.org,Male
747,Edmund,Mindenhall,emindenhallkq@archive.org,Male
748,Clotilda,Edden,ceddenkr@meetup.com,Female
749,Maye,O'Mullally,,Female
750,Amil,Nesterov,anesterovkt@opera.com,Female
751,Gardie,McGilvra,,Male
752,Tiena,Higgoe,,Non-binary
753,Marcella,Patinkin,mpatinkinkw@ihg.com,Non-binary
754,Lita,Scolland,lscollandkx@imageshack.us,Non-binary
755,Carmita,Rosina,crosinaky@noaa.gov,Female
756,Rick,Pusill,rpusillkz@i2i.jp,Non-binary
757,Gerardo,Cianni,gciannil0@vkontakte.ru,Male
758,Dyanne,O'Tuohy,dotuohyl1@ustream.tv,Female
759,Tobias,Antonelli,tantonellil2@elegantthemes.com,Male
760,Jard,Mary,jmaryl3@nhs.uk,Male
761,Gardy,Blackaby,gblackabyl4@huffingtonpost.com,Male
762,Denny,Harden,dhardenl5@exblog.jp,Male
763,Jilli,Snooks,jsnooksl6@fastcompany.com,Bigender
764,Thorvald,Muscat,tmuscatl7@sciencedaily.com,Male
765,Gertruda,Wharby,gwharbyl8@pcworld.com,Female
766,Gerek,Doerling,gdoerlingl9@redcross.org,Male
767,Arvy,Grimm,agrimmla@arstechnica.com,Male
768,Emlyn,Dommett,edommettlb@tripod.com,Male
769,Austin,Cranefield,acranefieldlc@drupal.org,Male
770,Barnaby,Denisyuk,bdenisyukld@uiuc.edu,Male
771,Raynell,Ottey,rotteyle@mozilla.com,Female
772,Decca,Middle,dmiddlelf@whitehouse.gov,Male
773,Cati,Chatel,cchatellg@zimbio.com,Female
774,Corene,Lorente,clorentelh@redcross.org,Female
775,Eadith,Osichev,eosichevli@usnews.com,Female
776,Hayley,Batters,hbatterslj@telegraph.co.uk,Female
777,Aaron,Guerreiro,aguerreirolk@go.com,Male
778,Kass,Addlestone,,Female
779,Horatia,Sewards,hsewardslm@nasa.gov,Female
780,Farlie,O'Dare,fodareln@ibm.com,Male
781,Gaston,Hamsley,ghamsleylo@lulu.com,Male
782,Bowie,Crosskell,bcrosskelllp@barnesandnoble.com,Genderqueer
783,Barbi,Ravens,bravenslq@diigo.com,Polygender
784,Glen,Gooderidge,ggooderidgelr@msn.com,Female
785,Suzie,Halbord,shalbordls@yelp.com,Bigender
786,Dyanne,Glanvill,,Female
787,Paige,Karpfen,pkarpfenlu@epa.gov,Male
788,Cristobal,Covotti,ccovottilv@unblog.fr,Male
789,Horatio,Goodsall,hgoodsalllw@nymag.com,Male
790,Lynna,Maleham,lmalehamlx@reference.com,Female
791,Halli,Lampel,hlampelly@google.es,Female
792,Mikel,Barth,mbarthlz@apache.org,Male
793,Merwyn,Cranshaw,mcranshawm0@geocities.jp,Male
794,Baily,Massy,bmassym1@weather.com,Male
795,Levi,Domek,ldomekm2@google.ca,Male
796,Aggy,Espino,,Female
797,Jorie,Luckes,jluckesm4@mashable.com,Female
798,Rosette,Jermin,,Female
799,Ham,Joinson,hjoinsonm6@cnbc.com,Male
800,Dianna,Westbrook,dwestbrookm7@samsung.com,Female
801,Sheridan,Ciubutaro,sciubutarom8@icio.us,Male
802,Alie,Craney,acraneym9@tuttocitta.it,Female
803,Anton,Flattman,aflattmanma@meetup.com,Male
804,Lemmie,Felton,lfeltonmb@thetimes.co.uk,Male
805,Marta,O'Henehan,mohenehanmc@is.gd,Female
806,Hallsy,Covil,hcovilmd@virginia.edu,Male
807,Sigismond,Yankeev,syankeevme@bloglines.com,Male
808,Pat,Peller,ppellermf@list-manage.com,Female
809,Artus,Cussen,acussenmg@imgur.com,Male
810,Gregory,Esposito,gespositomh@apple.com,Male
811,Emeline,Dallewater,,Female
812,Sarine,Sawney,ssawneymj@mozilla.com,Female
813,Troy,Cahey,tcaheymk@tiny.cc,Male
814,Malvin,MacPadene,mmacpadeneml@ehow.com,Male
815,Clarabelle,Bunt,cbuntmm@bbc.co.uk,Female
816,Anallese,Binden,abindenmn@wunderground.com,Female
817,Zackariah,Doleman,zdolemanmo@shinystat.com,Male
818,Collin,Ireson,ciresonmp@sciencedirect.com,Male
819,Tamiko,Petruskevich,tpetruskevichmq@oaic.gov.au,Female
820,Briggs,Rakes,brakesmr@blogs.com,Male
821,Rhoda,Munby,rmunbyms@icq.com,Female
822,Theodoric,Kegan,,Agender
823,Sinclair,Lofty,,Non-binary
824,De witt,Abbotson,dabbotsonmv@seesaa.net,Male
825,Corabel,Rubinov,,Female
826,Charline,Edlyn,cedlynmx@xinhuanet.com,Female
827,Kristen,Lockton,klocktonmy@amazon.co.uk,Female
828,Carlee,Weetch,cweetchmz@weebly.com,Female
829,Tybalt,Ault,taultn0@live.com,Male
830,Nessy,Deason,ndeasonn1@cdc.gov,Female
831,Twyla,Gossage,tgossagen2@sciencedirect.com,Female
832,Dorothy,Pimblotte,dpimblotten3@stanford.edu,Female
833,Jackquelin,Aspinall,jaspinalln4@state.gov,Female
834,Arabella,Latch,alatchn5@accuweather.com,Female
835,Obie,Mandal,omandaln6@deviantart.com,Male
836,Grethel,Thuillier,gthuilliern7@cafepress.com,Female
837,Jermain,Ghiraldi,jghiraldin8@indiegogo.com,Male
838,Manny,Whaley,mwhaleyn9@creativecommons.org,Male
839,Fawn,Posten,fpostenna@alibaba.com,Female
840,Germain,Castellan,gcastellannb@dot.gov,Male
841,Genna,Krzyzaniak,,Female
842,Leonora,Macartney,lmacartneynd@phpbb.com,Non-binary
843,Kandace,Swinerd,kswinerdne@pcworld.com,Female
844,Link,Drabble,ldrabblenf@youku.com,Male
845,Nelle,Peto,npetong@buzzfeed.com,Female
846,Terrie,Endacott,tendacottnh@hugedomains.com,Female
847,Cyndi,Pinyon,cpinyonni@foxnews.com,Female
848,Lauralee,Chasteau,lchasteaunj@tmall.com,Female
849,Dominick,Grzeskowski,,Bigender
850,Stacy,Toffler,stofflernl@bbb.org,Female
851,Cassie,Nurdin,cnurdinnm@fc2.com,Female
852,Ari,Callander,acallandernn@toplist.cz,Male
853,Vivienne,Frosdick,vfrosdickno@ovh.net,Female
854,Alexandr,Turfitt,aturfittnp@oakley.com,Male
855,Kelsey,Gingell,kgingellnq@stanford.edu,Male
856,Iolanthe,Simmell,isimmellnr@accuweather.com,Female
857,Tanhya,Clacson,tclacsonns@sina.com.cn,Genderqueer
858,Aveline,Nolleau,,Female
859,Codie,Denington,cdeningtonnu@bloglines.com,Male
860,Doris,Ivancevic,divancevicnv@people.com.cn,Female
861,Tate,Livezey,tlivezeynw@weibo.com,Male
862,Nanny,Chatten,nchattennx@i2i.jp,Female
863,Artur,Mulqueen,amulqueenny@slashdot.org,Genderfluid
864,Rosette,Smurfit,rsmurfitnz@google.ca,Female
865,Keary,Frenchum,kfrenchumo0@t-online.de,Male
866,Reider,Cleal,rclealo1@latimes.com,Male
867,Neila,Wherrett,nwherretto2@slashdot.org,Female
868,Wilmer,Edlington,wedlingtono3@prnewswire.com,Male
869,Henrie,Salisbury,hsalisburyo4@yolasite.com,Female
870,Cleopatra,Luddy,cluddyo5@nationalgeographic.com,Female
871,Dacia,Bartkiewicz,dbartkiewiczo6@theatlantic.com,Female
872,Salim,Faye,sfayeo7@alexa.com,Male
873,Rubia,Chaney,rchaneyo8@mozilla.org,Female
874,Korella,Abrahami,kabrahamio9@spiegel.de,Female
875,Salomon,Swaysland,sswayslandoa@paginegialle.it,Male
876,Jojo,Probet,jprobetob@shinystat.com,Female
877,Chilton,Simner,csimneroc@msu.edu,Male
878,Toddie,Conrard,tconrardod@linkedin.com,Male
879,Ervin,Sanders,esandersoe@tamu.edu,Male
880,Jeffy,Jolly,jjollyof@e-recht24.de,Male
881,Shannon,Birkbeck,sbirkbeckog@cbsnews.com,Female
882,Gaspar,Cave,gcaveoh@wp.com,Male
883,Dilan,Ghilardi,dghilardioi@tmall.com,Male
884,Fleming,Crowch,fcrowchoj@lycos.com,Male
885,Hillyer,Alpin,halpinok@a8.net,Male
886,Mellicent,Pedrozzi,,Female
887,Terencio,Firminger,tfirmingerom@princeton.edu,Male
888,Sharla,Tomenson,stomensonon@google.it,Female
889,Port,Ottewell,,Male
890,Selma,Morch,,Female
891,Cullan,Geke,cgekeoq@nih.gov,Male
892,Lamond,Bolzen,lbolzenor@columbia.edu,Male
893,Ezequiel,Pawels,epawelsos@europa.eu,Male
894,Cece,Weblin,cweblinot@macromedia.com,Male
895,Tammie,Cestard,tcestardou@pbs.org,Male
896,Otha,Colkett,ocolkettov@tumblr.com,Female
897,Vivyan,Blazewski,,Female
898,Callida,Mc Kellen,cmckellenox@army.mil,Female
899,Urbano,O'Corr,uocorroy@instagram.com,Polygender
900,Moreen,Audiss,,Genderqueer
901,Darrick,Ife,difep0@php.net,Male
902,Aloise,Stace,astacep1@zdnet.com,Female
903,Dacy,Gatheridge,dgatheridgep2@stumbleupon.com,Female
904,Arlyn,Breckon,abreckonp3@hubpages.com,Female
905,Gabriele,Vaskov,gvaskovp4@hc360.com,Male
906,Sigismund,Causton,scaustonp5@fotki.com,Male
907,Gail,Drohan,gdrohanp6@fastcompany.com,Female
908,Minette,Grinikhinov,mgrinikhinovp7@tripadvisor.com,Female
909,Elfrieda,Friedlos,,Bigender
910,Wally,Argontt,wargonttp9@4shared.com,Female
911,Inger,Duding,idudingpa@nymag.com,Male
912,Stanton,Hansed,shansedpb@so-net.ne.jp,Male
913,Lilah,Gabbitas,lgabbitaspc@tamu.edu,Female
914,Don,Syne,dsynepd@wiley.com,Male
915,Raffarty,Stears,rstearspe@nih.gov,Male
916,Madelon,Bussons,mbussonspf@storify.com,Female
917,Karly,Womersley,kwomersleypg@youtube.com,Female
918,Melony,Chalk,mchalkph@arstechnica.com,Female
919,Kristian,Bromley,kbromleypi@nasa.gov,Male
920,Dominick,Rao,draopj@senate.gov,Male
921,Cristie,Pirie,cpiriepk@china.com.cn,Female
922,Merci,Narducci,mnarduccipl@wordpress.org,Female
923,Gregg,Gleave,ggleavepm@indiatimes.com,Male
924,Joan,Withams,jwithamspn@yandex.ru,Female
925,Ellswerth,Ghelerdini,eghelerdinipo@dyndns.org,Male
926,Alanson,Jansky,ajanskypp@deliciousdays.com,Male
927,Julina,Flew,jflewpq@goo.ne.jp,Female
928,Lon,Jarrelt,ljarreltpr@ning.com,Male
929,Cesare,Lightbody,clightbodyps@paypal.com,Male
930,Drusy,Gierek,dgierekpt@spotify.com,Female
931,Pamelina,Madden,,Female
932,Anastasia,Giacomasso,agiacomassopv@wufoo.com,Female
933,Justine,Dmitriev,jdmitrievpw@wordpress.com,Female
934,Ricard,Syratt,rsyrattpx@whitehouse.gov,Male
935,Didi,Rediers,dredierspy@mac.com,Female
936,Doro,MacRinn,dmacrinnpz@163.com,Genderfluid
937,Carmelia,Le Jean,clejeanq0@wikipedia.org,Female
938,Kalina,O'Dyvoie,kodyvoieq1@theglobeandmail.com,Female
939,Judye,De Freitas,,Female
940,Cassie,Fruish,cfruishq3@samsung.com,Female
941,Nissy,Luther,nlutherq4@livejournal.com,Female
942,Lizzie,Evelyn,levelynq5@artisteer.com,Female
943,Edwin,Rosewall,erosewallq6@lulu.com,Polygender
944,Dotti,Shailer,dshailerq7@mac.com,Female
945,Jodie,Starsmore,jstarsmoreq8@usda.gov,Male
946,Tammie,Oakman,toakmanq9@fastcompany.com,Female
947,Hailey,Wyer,hwyerqa@apache.org,Male
948,Tanny,Welsh,twelshqb@house.gov,Male
949,Herbie,O'Scully,hoscullyqc@weather.com,Male
950,Ardenia,Barriball,abarriballqd@twitpic.com,Non-binary
951,Aluino,Knibley,aknibleyqe@kickstarter.com,Male
952,Milo,Castano,mcastanoqf@dmoz.org,Male
953,Abe,Jira,ajiraqg@disqus.com,Male
954,Wanda,Hollerin,whollerinqh@flickr.com,Agender
955,Siward,Panswick,spanswickqi@army.mil,Male
956,Rosemarie,Bulcock,rbulcockqj@sohu.com,Female
957,Addie,McDavitt,amcdavittqk@accuweather.com,Male
958,Arlina,Purslow,apurslowql@blogs.com,Female
959,Quentin,Arnefield,,Male
960,Floria,Greeveson,fgreevesonqn@squidoo.com,Female
961,Dawn,Borlease,dborleaseqo@nsw.gov.au,Female
962,Ernestus,Dexter,edexterqp@walmart.com,Male
963,Trista,Dalloway,tdallowayqq@wunderground.com,Female
964,Godwin,O'Scully,goscullyqr@psu.edu,Male
965,Godfry,Heams,,Male
966,Bart,Philliphs,bphilliphsqt@sbwire.com,Male
967,Lenore,Vann,lvannqu@about.com,Female
968,Davie,Minchi,dminchiqv@upenn.edu,Male
969,Joela,Hanhard,jhanhardqw@state.gov,Female
970,Glynnis,Waddam,,Female
971,Daile,Janowicz,djanowiczqy@macromedia.com,Female
972,Karry,Blaskett,kblaskettqz@msu.edu,Bigender
973,Gladi,Agirre,gagirrer0@weibo.com,Genderqueer
974,Hube,Boteman,hbotemanr1@reuters.com,Male
975,Chance,Bagworth,cbagworthr2@nsw.gov.au,Male
976,Fredericka,Walklot,fwalklotr3@china.com.cn,Female
977,George,Shafier,gshafierr4@utexas.edu,Female
978,Ianthe,Vassel,ivasselr5@wiley.com,Female
979,Griff,Brugh,gbrughr6@list-manage.com,Male
980,Saloma,Deverale,sdeveraler7@joomla.org,Female
981,Alexio,Loughren,aloughrenr8@shinystat.com,Male
982,Jojo,Punter,jpunterr9@unesco.org,Female
983,Prinz,Husset,,Male
984,Allin,Oleksinski,aoleksinskirb@feedburner.com,Male
985,Bambi,Farleigh,bfarleighrc@nih.gov,Female
986,Tallie,Brodest,tbrodestrd@wisc.edu,Male
987,Sharona,Ghiroldi,sghiroldire@fotki.com,Bigender
988,Lin,Stollmeier,lstollmeierrf@ucoz.com,Male
989,Irwin,Palffy,ipalffyrg@etsy.com,Male
990,Micky,Clack,mclackrh@sitemeter.com,Male
991,Lotti,Chambers,lchambersri@dropbox.com,Female
992,Dionysus,Braizier,,Male
993,Pippo,Meineken,pmeinekenrk@vk.com,Bigender
994,Bradney,Shoveller,bshovellerrl@altervista.org,Male
995,Alissa,Flucker,afluckerrm@sciencedaily.com,Genderfluid
996,Markus,Masser,mmasserrn@xing.com,Male
997,Karoline,Meiner,kmeinerro@canalblog.com,Female
998,Melody,Maskrey,mmaskreyrp@harvard.edu,Female
999,Jacqui,Ricket,jricketrq@miitbeian.gov.cn,Female
1000,Joshua,Orteaux,,Male
