ID,nome,sobrenome,email,sexo
1,Krissy,Pinkie,kpinkie0@quantcast.com,Female
2,Yorke,Twelftree,ytwelftree1@google.es,Male
3,Donelle,Kubik,dkubik2@psu.edu,Female
4,Donielle,Angelini,dangelini3@google.nl,Female
5,Philly,Twiggins,ptwiggins4@people.com.cn,Female
6,Dmitri,Mattei,dmattei5@blinklist.com,Male
7,Jerrome,Steward,jsteward6@list-manage.com,Male
8,Nelle,Pengilly,,Female
9,Elberta,Campion,ecampion8@imageshack.us,Female
10,Wood,Tewes,wtewes9@goo.ne.jp,Male
11,Leah,Sheahan,lsheahana@sohu.com,Female
12,Derrek,Marcu,dmarcub@desdev.cn,Male
13,Freeman,Parfett,fparfettc@weather.com,Male
14,Ozzie,Rallinshaw,orallinshawd@unesco.org,Male
15,Hugibert,Trownson,htrownsone@cargocollective.com,Male
16,Enoch,Rumble,erumblef@vimeo.com,Male
17,Cornall,Dyet,cdyetg@icio.us,Male
18,Bettine,Leveret,blevereth@aol.com,Female
19,Ward,Eller,welleri@istockphoto.com,Male
20,Langston,Donet,ldonetj@cdc.gov,Male
21,Hunt,Simonot,hsimonotk@wsj.com,Non-binary
22,Ashlin,Henkens,ahenkensl@state.tx.us,Male
23,Jecho,Kupisz,jkupiszm@vkontakte.ru,Male
24,Tammara,Goode,tgooden@who.int,Female
25,Torrence,Ventum,,Polygender
26,Timotheus,Jolliff,,Male
27,Brose,Trazzi,btrazziq@multiply.com,Bigender
28,Rosalynd,Bantham,rbanthamr@goodreads.com,Female
29,Mack,Hagergham,mhagerghams@sciencedirect.com,Male
30,Perl,Eden,pedent@xrea.com,Female
31,Ilsa,Gorioli,igorioliu@bbb.org,Non-binary
32,Waldo,Orrobin,worrobinv@ehow.com,Male
33,Nichol,Abernethy,nabernethyw@wisc.edu,Female
34,Tilly,Alasdair,talasdairx@pcworld.com,Female
35,Dot,Codeman,dcodemany@123-reg.co.uk,Female
36,Glori,Blasetti,gblasettiz@webs.com,Female
37,Renae,Roscow,rroscow10@pcworld.com,Female
38,Toddy,Harbertson,tharbertson11@w3.org,Male
39,Pia,Ebdin,pebdin12@opensource.org,Female
40,Frederich,Merrick,fmerrick13@answers.com,Male
41,Thaine,Cashen,tcashen14@redcross.org,Male
42,Tate,MacVanamy,tmacvanamy15@latimes.com,Female
43,Drew,Renzo,drenzo16@taobao.com,Genderqueer
44,Doralin,Goodlett,,Female
45,Janie,Sharples,jsharples18@bloglines.com,Female
46,Perle,Sotworth,psotworth19@ebay.co.uk,Female
47,Hobard,Baline,hbaline1a@naver.com,Male
48,Rasia,Julian,rjulian1b@cpanel.net,Female
49,Artur,Benediktovich,abenediktovich1c@globo.com,Male
50,Edee,Crees,ecrees1d@rediff.com,Female
51,Alfi,Tour,atour1e@nhs.uk,Female
52,Grantham,Havard,ghavard1f@umich.edu,Male
53,Shirley,Ferdinand,sferdinand1g@mac.com,Female
54,Kienan,Bugbird,kbugbird1h@blogs.com,Male
55,Cami,Phebee,cphebee1i@netscape.com,Female
56,Drusilla,Bowcher,dbowcher1j@liveinternet.ru,Female
57,Gerry,Nutbean,gnutbean1k@china.com.cn,Female
58,Cirilo,Thebe,cthebe1l@mozilla.com,Male
59,Tiphany,Rowntree,trowntree1m@de.vu,Female
60,Erinn,Callaghan,ecallaghan1n@usda.gov,Female
61,Moreen,Deveril,mdeveril1o@blogspot.com,Female
62,Elianora,Armit,earmit1p@boston.com,Female
63,Jocelin,McGuane,jmcguane1q@webs.com,Female
64,Hannah,Stempe,,Female
65,Thorvald,Hancell,thancell1s@seesaa.net,Male
66,Aloisia,Farmery,afarmery1t@vistaprint.com,Female
67,Ariana,Nash,anash1u@spotify.com,Female
68,Norine,MacMearty,nmacmearty1v@redcross.org,Female
69,Margi,Ebbings,mebbings1w@ustream.tv,Female
70,Codie,Grayling,cgrayling1x@eventbrite.com,Female
71,Austina,Nicol,anicol1y@wufoo.com,Female
72,Palm,Abbado,pabbado1z@scribd.com,Male
73,Frank,Vayne,fvayne20@bloglovin.com,Male
74,Padraig,Agius,pagius21@cafepress.com,Male
75,Jolene,Deane,jdeane22@oakley.com,Female
76,Elonore,Amiable,,Female
77,Findley,Maharey,fmaharey24@yelp.com,Male
78,Ollie,Josephi,ojosephi25@unicef.org,Female
79,Clayson,Barnbrook,cbarnbrook26@ca.gov,Male
80,Ilka,Allawy,,Female
81,Quinta,Pales,,Female
82,Tracie,Kienlein,tkienlein29@youku.com,Bigender
83,Bambie,Ludman,bludman2a@nps.gov,Female
84,Hadlee,Collecott,,Male
85,Sid,Drescher,sdrescher2c@dot.gov,Male
86,Basile,Leghorn,bleghorn2d@irs.gov,Polygender
87,Davin,Sagrott,dsagrott2e@buzzfeed.com,Male
88,Ari,Upton,aupton2f@geocities.com,Male
89,Inna,Blumson,iblumson2g@tmall.com,Female
90,Hall,Knibbs,hknibbs2h@csmonitor.com,Male
91,Priscella,Extance,,Female
92,Darin,Passingham,dpassingham2j@google.ru,Male
93,Juline,Edmans,,Female
94,Carmella,Oldcroft,coldcroft2l@cbsnews.com,Female
95,Gilberto,Pipes,,Male
96,Micheil,Van Vuuren,mvanvuuren2n@sun.com,Male
97,Lynnelle,Yanshin,lyanshin2o@csmonitor.com,Female
98,Cedric,Iwanczyk,ciwanczyk2p@sfgate.com,Male
99,Clarice,Smitherman,csmitherman2q@cam.ac.uk,Female
100,Kippy,Carley,kcarley2r@meetup.com,Male
101,Baudoin,Rosenfield,brosenfield2s@archive.org,Male
102,Selig,Haston,shaston2t@shutterfly.com,Male
103,Syman,Blampied,sblampied2u@canalblog.com,Male
104,Caty,Furbank,cfurbank2v@booking.com,Female
105,Kipper,Loudyan,kloudyan2w@cam.ac.uk,Male
106,Haley,Kun,,Female
107,Rici,Chaundy,rchaundy2y@nyu.edu,Female
108,Nigel,Easlea,neaslea2z@surveymonkey.com,Male
109,Brittne,O'Donohue,bodonohue30@etsy.com,Female
110,Mirabel,Garrison,mgarrison31@cnn.com,Female
111,Mel,Alps,malps32@cam.ac.uk,Female
112,Benedetto,Unitt,bunitt33@senate.gov,Bigender
113,Ansel,Hegel,ahegel34@wiley.com,Male
114,Vita,Edgerton,vedgerton35@fda.gov,Female
115,Massimiliano,Pennyman,mpennyman36@census.gov,Non-binary
116,Vergil,MacRitchie,vmacritchie37@dedecms.com,Male
117,Willi,Richarson,wricharson38@bandcamp.com,Female
118,Rea,Domerq,rdomerq39@msn.com,Female
119,Duffy,Gilchriest,,Male
120,Gates,Erickssen,gerickssen3b@walmart.com,Female
121,Torry,Telezhkin,ttelezhkin3c@godaddy.com,Male
122,Brendan,Maynell,bmaynell3d@statcounter.com,Male
123,Waiter,Maultby,wmaultby3e@github.com,Genderfluid
124,Venus,Macklin,vmacklin3f@redcross.org,Female
125,Elly,Lambert-Ciorwyn,,Female
126,Martelle,Biggs,mbiggs3h@taobao.com,Female
127,Maressa,Goodricke,mgoodricke3i@comcast.net,Female
128,Pauline,Senter,psenter3j@hp.com,Female
129,Lyn,Pym,lpym3k@dagondesign.com,Male
130,Misti,Margetson,mmargetson3l@salon.com,Female
131,Dougie,Rowter,drowter3m@msn.com,Male
132,Jere,Lawrenson,jlawrenson3n@gizmodo.com,Male
133,Karla,Shafto,kshafto3o@reuters.com,Genderqueer
134,Edlin,Rolles,erolles3p@altervista.org,Male
135,Nowell,Vignaux,nvignaux3q@hatena.ne.jp,Male
136,Mike,McGuff,,Non-binary
137,Thayne,Headrick,theadrick3s@skyrock.com,Male
138,Ulises,Eastmond,ueastmond3t@cnbc.com,Male
139,Nikkie,Bardill,nbardill3u@paginegialle.it,Female
140,Letti,Cheshire,,Female
141,Stevy,Dakhno,sdakhno3w@va.gov,Male
142,Fons,Goulbourne,fgoulbourne3x@gmpg.org,Male
143,Annamarie,Brugden,abrugden3y@huffingtonpost.com,Female
144,Roobbie,Fendlen,rfendlen3z@addtoany.com,Female
145,Lester,Eisenberg,leisenberg40@usatoday.com,Male
146,Geralda,Wharlton,gwharlton41@netscape.com,Female
147,Kaylee,Adnam,kadnam42@wikia.com,Female
148,Sibby,Ledley,sledley43@weibo.com,Female
149,Wang,Cestard,wcestard44@sciencedirect.com,Male
150,Deane,Keepe,dkeepe45@irs.gov,Male
151,Hephzibah,Stollenwerck,hstollenwerck46@reuters.com,Non-binary
152,Patrica,Bastian,pbastian47@auda.org.au,Genderfluid
153,Niccolo,Rouby,nrouby48@digg.com,Male
154,Kelila,Scotchmor,,Female
155,Nathanil,Gerardi,ngerardi4a@loc.gov,Male
156,Byram,Gidney,bgidney4b@geocities.jp,Male
157,Cos,Totterdell,ctotterdell4c@examiner.com,Male
158,Klemens,Sorbie,ksorbie4d@yandex.ru,Male
159,Ekaterina,Lowndes,elowndes4e@state.gov,Non-binary
160,Catlee,Paullin,cpaullin4f@ustream.tv,Female
161,Leyla,Ralph,lralph4g@hud.gov,Female
162,Chadwick,Giller,cgiller4h@nsw.gov.au,Male
163,Alard,Whordley,awhordley4i@cocolog-nifty.com,Male
164,Angel,Knightley,aknightley4j@google.com,Male
165,Hinda,Zold,,Female
166,Woodrow,Disbury,wdisbury4l@microsoft.com,Genderqueer
167,Nefen,Swayton,nswayton4m@constantcontact.com,Male
168,Carilyn,D'Aguanno,cdaguanno4n@quantcast.com,Female
169,Evaleen,Sansome,esansome4o@surveymonkey.com,Female
170,Elga,Aldis,ealdis4p@w3.org,Female
171,Wendell,Blake,,Male
172,Giuseppe,Cavalier,gcavalier4r@java.com,Male
173,Ruperta,Valentelli,rvalentelli4s@unc.edu,Polygender
174,Shelagh,Trask,strask4t@yellowpages.com,Female
175,Linzy,Blues,lblues4u@marketwatch.com,Female
176,Jaimie,Tunmore,jtunmore4v@slate.com,Female
177,Dick,Ruckert,druckert4w@clickbank.net,Male
178,Emilee,Gallaher,egallaher4x@quantcast.com,Female
179,Netti,Langstrath,nlangstrath4y@google.com.hk,Female
180,Bartel,Spatarul,bspatarul4z@sitemeter.com,Male
181,Christoforo,Sooper,csooper50@usnews.com,Male
182,Gretal,Ellesmere,,Non-binary
183,Thornie,Pencott,tpencott52@reference.com,Bigender
184,Emlyn,Walewski,,Male
185,Ellwood,Dandison,edandison54@dell.com,Male
186,Kennith,Ianne,kianne55@theglobeandmail.com,Male
187,Linnet,Bianco,lbianco56@who.int,Agender
188,Hamlin,Dack,hdack57@imdb.com,Male
189,Doe,Jaspar,djaspar58@addthis.com,Bigender
190,Padgett,Wetton,pwetton59@51.la,Male
191,Chen,Lamboll,clamboll5a@google.com.hk,Male
192,Adlai,Duke,aduke5b@canalblog.com,Non-binary
193,Una,Haggar,uhaggar5c@wiley.com,Female
194,Darsie,Whiteoak,dwhiteoak5d@mayoclinic.com,Female
195,Mendie,Petzold,mpetzold5e@amazon.de,Male
196,Evita,Sentance,esentance5f@cisco.com,Female
197,Lilia,Aitkin,laitkin5g@discovery.com,Non-binary
198,Ricca,Habbergham,rhabbergham5h@microsoft.com,Female
199,Kyle,Steward,ksteward5i@tinypic.com,Male
200,Lorrin,Montier,lmontier5j@mayoclinic.com,Female
201,Cob,Filipponi,,Male
202,Zonda,Cathcart,zcathcart5l@about.me,Female
203,Claiborn,Sergean,csergean5m@flickr.com,Male
204,Brit,Hacksby,bhacksby5n@disqus.com,Male
205,Ilka,Sinnie,isinnie5o@ucoz.com,Female
206,Ulysses,Corey,ucorey5p@biglobe.ne.jp,Male
207,Paolo,Lilford,plilford5q@admin.ch,Male
208,Willi,Haspineall,,Female
209,Bibbye,Sumsion,bsumsion5s@last.fm,Female
210,Charlena,Cure,ccure5t@wsj.com,Female
211,Elianora,Oxenham,,Female
212,Deeanne,Learmont,dlearmont5v@cnbc.com,Female
213,Nickolas,Glede,nglede5w@linkedin.com,Bigender
214,Timmie,Klimontovich,tklimontovich5x@bing.com,Female
215,Sisile,Lattos,slattos5y@yandex.ru,Female
216,Raoul,Hucklesby,rhucklesby5z@addtoany.com,Male
217,Aviva,Cawt,acawt60@ovh.net,Female
218,Arny,Meyer,ameyer61@tinyurl.com,Male
219,Rudiger,Dudleston,rdudleston62@instagram.com,Male
220,Paulina,Steutly,psteutly63@rakuten.co.jp,Female
221,Carr,Garry,,Male
222,Linda,Haye,lhaye65@example.com,Female
223,Chanda,Braferton,cbraferton66@amazon.com,Female
224,Darbie,Kee,dkee67@gov.uk,Female
225,Ludovico,Kield,lkield68@bing.com,Male
226,Gaby,Sandlin,gsandlin69@t-online.de,Female
227,Oliver,Bock,obock6a@marketwatch.com,Male
228,Beryl,Stealey,,Female
229,Adrianne,Abbet,aabbet6c@statcounter.com,Female
230,Ernie,Hefforde,ehefforde6d@telegraph.co.uk,Male
231,Cly,Stormouth,cstormouth6e@opensource.org,Male
232,Arney,Sobey,asobey6f@tripod.com,Male
233,Laurel,Raggitt,lraggitt6g@reddit.com,Female
234,Abe,Lathee,alathee6h@squidoo.com,Male
235,Paquito,Abbes,pabbes6i@webnode.com,Male
236,Byrom,Etches,betches6j@mtv.com,Male
237,Crysta,Toopin,ctoopin6k@e-recht24.de,Female
238,Tedman,McKeeman,tmckeeman6l@t.co,Male
239,Lucias,Labuschagne,llabuschagne6m@earthlink.net,Male
240,Brook,Attow,battow6n@bloglines.com,Female
241,Hayes,Lotwich,hlotwich6o@ted.com,Male
242,Anna-diane,Hatchette,ahatchette6p@whitehouse.gov,Female
243,Lyssa,Weald,lweald6q@mozilla.org,Female
244,Almeta,Knifton,aknifton6r@e-recht24.de,Female
245,Hobard,Crutch,hcrutch6s@skyrock.com,Male
246,Bebe,Matushenko,bmatushenko6t@sphinn.com,Female
247,Killian,Bletsoe,kbletsoe6u@sohu.com,Male
248,Enrico,Vasilov,evasilov6v@opera.com,Male
249,Riannon,Bantham,rbantham6w@clickbank.net,Female
250,Lenee,Kemble,lkemble6x@unc.edu,Female
251,Nannie,Crewdson,ncrewdson6y@desdev.cn,Female
252,Broddie,Emanuele,bemanuele6z@printfriendly.com,Male
253,Hewe,McGonigal,hmcgonigal70@posterous.com,Male
254,Jefferson,Colville,jcolville71@nbcnews.com,Male
255,Tracey,Brahm,tbrahm72@theguardian.com,Female
256,Shirlene,Whates,swhates73@purevolume.com,Female
257,Shani,Leisman,sleisman74@amazonaws.com,Female
258,Darya,O'Kane,dokane75@odnoklassniki.ru,Female
259,Jess,Seaking,jseaking76@elegantthemes.com,Female
260,Persis,Hazelgreave,phazelgreave77@themeforest.net,Female
261,Pris,Bownas,pbownas78@prlog.org,Non-binary
262,Robbin,Oxford,roxford79@dedecms.com,Female
263,Adam,Gunning,agunning7a@free.fr,Male
264,Zoe,Schwand,,Bigender
265,Engracia,Bjorkan,ebjorkan7c@exblog.jp,Female
266,Renaud,Aymer,raymer7d@mtv.com,Male
267,Erminie,Petrelluzzi,epetrelluzzi7e@independent.co.uk,Female
268,Amby,Gulley,agulley7f@soundcloud.com,Male
269,Aldo,Goodger,agoodger7g@yahoo.co.jp,Male
270,Bette,Tubble,btubble7h@aol.com,Female
271,Cob,Petyt,,Male
272,Noe,Lydiatt,nlydiatt7j@latimes.com,Male
273,Claybourne,Hartwright,chartwright7k@vkontakte.ru,Male
274,Erick,Crone,,Male
275,Ashia,Gibbie,agibbie7m@theguardian.com,Female
276,Tadeo,Kretschmer,tkretschmer7n@toplist.cz,Male
277,Madelena,Erricker,merricker7o@princeton.edu,Female
278,Gunther,Labrum,glabrum7p@irs.gov,Male
279,Chrisy,McCaughey,cmccaughey7q@gizmodo.com,Male
280,Alexio,Limpenny,alimpenny7r@samsung.com,Male
281,Lenee,Beddow,lbeddow7s@123-reg.co.uk,Female
282,Caroljean,Ridgers,cridgers7t@buzzfeed.com,Female
283,Fania,Bilney,fbilney7u@soup.io,Female
284,Thedric,Milton-White,tmiltonwhite7v@livejournal.com,Male
285,Garvin,Charity,gcharity7w@360.cn,Male
286,Caldwell,Balston,cbalston7x@weebly.com,Male
287,Cherin,Spelsbury,cspelsbury7y@cpanel.net,Bigender
288,Conn,McCuish,cmccuish7z@howstuffworks.com,Male
289,Woody,McKinlay,wmckinlay80@squarespace.com,Male
290,Devonna,Millom,dmillom81@acquirethisname.com,Female
291,Perkin,Skeermer,pskeermer82@jalbum.net,Male
292,Had,Rabjohns,hrabjohns83@china.com.cn,Male
293,Dukie,Yosselevitch,dyosselevitch84@google.com.au,Male
294,Bartholomeus,Ewen,bewen85@unc.edu,Non-binary
295,Cecil,Blackborne,cblackborne86@exblog.jp,Male
296,Tommi,Orford,torford87@businesswire.com,Female
297,Carmelita,Jinks,cjinks88@bloomberg.com,Female
298,Kerrin,Taig,ktaig89@wunderground.com,Female
299,Ainslie,O'Neal,aoneal8a@netvibes.com,Female
300,Dev,McTrustrie,dmctrustrie8b@un.org,Male
301,Sapphire,Gerlts,sgerlts8c@mediafire.com,Female
302,Moises,Ramelot,mramelot8d@bbb.org,Male
303,Nathan,Wormleighton,nwormleighton8e@hugedomains.com,Male
304,Cornell,Selwyn,,Male
305,Bradan,Monkton,bmonkton8g@linkedin.com,Male
306,Thalia,Trim,ttrim8h@51.la,Female
307,Lorinda,O'Glessane,loglessane8i@prlog.org,Female
308,Vanya,Dukelow,vdukelow8j@slideshare.net,Female
309,Corey,Longbothom,clongbothom8k@a8.net,Female
310,Madelena,Brayson,mbrayson8l@ucoz.com,Female
311,Adrian,Emmerson,aemmerson8m@princeton.edu,Female
312,Ernie,Gulston,egulston8n@mlb.com,Male
313,Prent,Onele,ponele8o@dell.com,Male
314,Obadiah,Baglan,obaglan8p@illinois.edu,Male
315,Eduardo,Mallen,emallen8q@comcast.net,Male
316,Witty,Issacoff,wissacoff8r@state.tx.us,Male
317,Amelie,Kelsow,akelsow8s@irs.gov,Female
318,Dean,Habbema,dhabbema8t@paginegialle.it,Male
319,Pacorro,Mee,pmee8u@1und1.de,Male
320,Ruttger,Kos,rkos8v@ow.ly,Male
321,Bradney,Wootton,bwootton8w@upenn.edu,Male
322,Vidovik,Warbey,vwarbey8x@hp.com,Male
323,Adelbert,Heddan,aheddan8y@infoseek.co.jp,Genderqueer
324,Ulrikaumeko,Melmar,umelmar8z@cisco.com,Female
325,Orbadiah,Murford,omurford90@pagesperso-orange.fr,Male
326,Brynn,Curling,bcurling91@bandcamp.com,Female
327,Alvira,Jacobs,,Genderfluid
328,Rubin,Riseborough,rriseborough93@domainmarket.com,Male
329,Jerrome,Hayzer,jhayzer94@hostgator.com,Male
330,Ave,Paige,apaige95@mapy.cz,Male
331,Nelle,Watting,,Female
332,Blanch,MacAlaster,bmacalaster97@mapquest.com,Female
333,Kit,Boness,kboness98@scribd.com,Male
334,Englebert,Moysey,emoysey99@elpais.com,Male
335,Zeke,Cornelisse,zcornelisse9a@opera.com,Bigender
336,Lotty,Jeeves,ljeeves9b@mozilla.org,Female
337,Brandy,Touzey,btouzey9c@nyu.edu,Male
338,Toddy,Kuhlmey,tkuhlmey9d@samsung.com,Male
339,Olympe,Berrygun,,Female
340,Cleopatra,MacGruer,cmacgruer9f@sbwire.com,Female
341,Shirline,Deners,sdeners9g@digg.com,Female
342,Hyacinthia,Labusquiere,hlabusquiere9h@state.tx.us,Female
343,Michaela,Guymer,mguymer9i@studiopress.com,Female
344,Alvie,Preuvost,apreuvost9j@quantcast.com,Agender
345,Jed,Bartholomaus,jbartholomaus9k@imageshack.us,Male
346,Jordon,McReynold,jmcreynold9l@csmonitor.com,Male
347,Jeanette,Basden,jbasden9m@myspace.com,Female
348,Gustave,Ready,gready9n@macromedia.com,Male
349,Waylan,Fairbrother,wfairbrother9o@seesaa.net,Male
350,Maxy,Moakes,mmoakes9p@theguardian.com,Male
351,Gardener,Roycroft,groycroft9q@geocities.jp,Polygender
352,Marlee,Boij,,Female
353,Julianna,Aggiss,jaggiss9s@wordpress.org,Female
354,Lizzy,Dominiak,ldominiak9t@mapquest.com,Female
355,Paul,Kenwood,,Male
356,Marillin,Cullinane,mcullinane9v@edublogs.org,Female
357,Dillie,Silcocks,dsilcocks9w@disqus.com,Male
358,Elladine,Dreossi,edreossi9x@people.com.cn,Female
359,Belicia,Greggor,bgreggor9y@yandex.ru,Female
360,Emmy,Rawcliffe,erawcliffe9z@china.com.cn,Female
361,Zitella,Stowell,zstowella0@hud.gov,Female
362,Cori,Bythway,cbythwaya1@aboutads.info,Female
363,Brett,Coggings,bcoggingsa2@engadget.com,Male
364,Krystyna,Lambarth,klambartha3@canalblog.com,Female
365,Katha,Powton,kpowtona4@wordpress.org,Female
366,Kai,Cruickshank,,Female
367,Barty,Josipovic,bjosipovica6@live.com,Non-binary
368,Parry,Baggott,pbaggotta7@drupal.org,Male
369,Lin,Domnin,ldomnina8@scribd.com,Male
370,Jerrilyn,Latchmore,jlatchmorea9@nbcnews.com,Female
371,Kele,Bruckenthal,kbruckenthalaa@google.co.uk,Male
372,Roldan,Grovier,rgrovierab@cam.ac.uk,Male
373,Wenonah,Rotherham,wrotherhamac@google.fr,Agender
374,Bourke,Barus,bbarusad@scientificamerican.com,Male
375,Vilhelmina,Winley,vwinleyae@facebook.com,Female
376,Bowie,Uzzell,buzzellaf@gizmodo.com,Male
377,Dewie,Achrameev,dachrameevag@usnews.com,Male
378,Heinrick,Gillies,hgilliesah@blogger.com,Male
379,Jehanna,Rishman,jrishmanai@ihg.com,Female
380,Susann,Greatham,sgreathamaj@yellowpages.com,Female
381,Chaunce,Cumberlidge,ccumberlidgeak@google.de,Male
382,Wilfred,Molden,wmoldenal@gravatar.com,Male
383,Hailee,Peattie,hpeattieam@example.com,Female
384,Sheena,Chadwell,schadwellan@unesco.org,Female
385,Giavani,Bangley,gbangleyao@google.com.hk,Male
386,Alberto,Mellonby,amellonbyap@alibaba.com,Male
387,Babita,Stading,bstadingaq@cloudflare.com,Female
388,Guglielma,Gounin,ggouninar@wp.com,Female
389,Alexina,Chesworth,achesworthas@xrea.com,Female
390,Brigida,Dobbin,bdobbinat@ycombinator.com,Female
391,Elle,Rollitt,erollittau@merriam-webster.com,Female
392,Catie,Iredell,ciredellav@globo.com,Female
393,Giffy,Grahlman,ggrahlmanaw@miibeian.gov.cn,Male
394,Annabal,Lorentzen,alorentzenax@networksolutions.com,Female
395,Murvyn,Staniland,mstanilanday@istockphoto.com,Male
396,Gunner,Swepstone,gswepstoneaz@networkadvertising.org,Bigender
397,Mallissa,Snoxell,msnoxellb0@t-online.de,Female
398,Tildie,Bust,tbustb1@earthlink.net,Bigender
399,Shermy,Pechold,specholdb2@tripod.com,Male
400,Cash,Kenward,ckenwardb3@archive.org,Male
401,Dorthy,Jackes,djackesb4@privacy.gov.au,Female
402,Con,Souter,,Male
403,Jane,Peeke-Vout,jpeekevoutb6@ovh.net,Female
404,Nani,Yitzovitz,,Female
405,Virgie,Beckley,,Male
406,Kimble,Freeth,kfreethb9@miitbeian.gov.cn,Male
407,Timmi,Hinrichsen,thinrichsenba@yolasite.com,Female
408,Debera,Warlock,dwarlockbb@tinypic.com,Female
409,Beniamino,Yarnold,byarnoldbc@unblog.fr,Male
410,Peri,Benjefield,pbenjefieldbd@mlb.com,Female
411,Ibby,Gleeton,igleetonbe@usda.gov,Female
412,Creigh,Drakeley,cdrakeleybf@state.tx.us,Male
413,Anderson,McClifferty,amccliffertybg@webnode.com,Male
414,Taddeo,Winsley,,Male
415,Dugald,Tribe,dtribebi@eepurl.com,Male
416,Ruperta,Emmett,remmettbj@photobucket.com,Genderqueer
417,Midge,Adkins,madkinsbk@sciencedaily.com,Female
418,Ethelda,Moger,emogerbl@fotki.com,Female
419,Deborah,Whall,dwhallbm@php.net,Genderqueer
420,Yehudit,Danet,ydanetbn@wired.com,Male
421,Birgitta,Lightwing,blightwingbo@shutterfly.com,Female
422,Tami,Vallantine,tvallantinebp@chronoengine.com,Female
423,Parnell,Eisak,peisakbq@pbs.org,Male
424,Maureene,Figura,mfigurabr@tiny.cc,Female
425,Cele,Lorenz,clorenzbs@ebay.com,Female
426,Olimpia,Stetson,ostetsonbt@npr.org,Female
427,Wilma,Klemmt,,Female
428,Rickey,Rapa,rrapabv@jugem.jp,Male
429,Sutherlan,Goghin,sgoghinbw@multiply.com,Male
430,Sayer,Aldins,saldinsbx@intel.com,Male
431,Arnie,Brocklebank,abrocklebankby@yelp.com,Male
432,Clayson,Jado,cjadobz@qq.com,Bigender
433,Glynda,Choupin,gchoupinc0@imgur.com,Female
434,Ardella,Spurett,aspurettc1@digg.com,Female
435,Leonard,Mazillius,lmazilliusc2@biglobe.ne.jp,Male
436,Elspeth,Blondel,,Female
437,Carie,Pirdue,cpirduec4@merriam-webster.com,Female
438,Bridie,Dunkerly,bdunkerlyc5@indiatimes.com,Female
439,Mack,Martello,mmartelloc6@ca.gov,Male
440,Matilde,Lutzmann,mlutzmannc7@jimdo.com,Bigender
441,Juan,Treleven,jtrelevenc8@discuz.net,Male
442,Kata,Camble,kcamblec9@ning.com,Female
443,Windham,Toler,wtolerca@youku.com,Male
444,Laurena,Ridger,,Female
445,Leeland,Fellibrand,lfellibrandcc@friendfeed.com,Male
446,Benedick,Cage,bcagecd@noaa.gov,Male
447,Misha,Aldren,maldrence@wix.com,Female
448,Meryl,Reen,mreencf@disqus.com,Female
449,Griswold,Grisenthwaite,ggrisenthwaitecg@amazon.de,Male
450,Ollie,Bein,obeinch@nyu.edu,Female
451,Robbert,Sprasen,rsprasenci@taobao.com,Male
452,Ainslee,Vankeev,avankeevcj@ameblo.jp,Female
453,Craggie,Sloyan,csloyanck@craigslist.org,Male
454,Faustina,Heyns,fheynscl@arizona.edu,Female
455,Tedra,Kingston,tkingstoncm@blogger.com,Female
456,Udall,Doggart,udoggartcn@spiegel.de,Male
457,Betsy,Yorath,byorathco@nymag.com,Female
458,Luce,Ness,lnesscp@w3.org,Male
459,Valry,Chesswas,vchesswascq@ox.ac.uk,Female
460,Tyrone,Corsor,tcorsorcr@creativecommons.org,Male
461,Hillard,MacDonnell,hmacdonnellcs@lycos.com,Male
462,Lesley,Bettenay,lbettenayct@usnews.com,Male
463,Graeme,Fetter,gfettercu@github.io,Male
464,Katheryn,Perulli,kperullicv@opera.com,Female
465,Ripley,Gauden,rgaudencw@upenn.edu,Male
466,Felicle,Rich,frichcx@uol.com.br,Female
467,Hanni,Yarn,hyarncy@epa.gov,Female
468,Avrom,Loadsman,aloadsmancz@intel.com,Male
469,Clarissa,Biasotti,cbiasottid0@irs.gov,Female
470,Clyve,Benford,cbenfordd1@elegantthemes.com,Male
471,Alvie,Micklem,,Male
472,Caitrin,Yeend,,Female
473,Orren,Bockman,obockmand4@senate.gov,Male
474,Nellie,Zannutti,nzannuttid5@surveymonkey.com,Female
475,Amie,Eglaise,aeglaised6@a8.net,Female
476,Hayden,Saill,,Male
477,Armand,Waistell,awaistelld8@bing.com,Male
478,Vevay,Newlands,vnewlandsd9@taobao.com,Female
479,Barrett,Byres,bbyresda@wordpress.org,Male
480,Kathy,Godfery,kgodferydb@liveinternet.ru,Female
481,Henrie,Corns,hcornsdc@istockphoto.com,Female
482,Jeniece,Musson,,Female
483,Madison,Shaddick,,Male
484,Mariska,Caldwall,mcaldwalldf@gizmodo.com,Female
485,Manny,Franc,mfrancdg@cpanel.net,Male
486,Filippa,Nazareth,fnazarethdh@dagondesign.com,Female
487,Stearne,Wyborn,swyborndi@google.com,Male
488,Leigha,Leyband,lleybanddj@blogtalkradio.com,Female
489,Abby,Dyos,adyosdk@google.pl,Female
490,Deeann,Sprionghall,dsprionghalldl@ifeng.com,Female
491,Dawna,Aicheson,daichesondm@yahoo.co.jp,Female
492,Evin,Oventon,eoventondn@alexa.com,Male
493,Dex,Gownge,dgowngedo@scientificamerican.com,Genderfluid
494,Moise,Streatfield,mstreatfielddp@g.co,Male
495,Riva,Parmiter,,Female
496,Inna,Trayling,itraylingdr@cargocollective.com,Female
497,Tamara,Deeming,tdeemingds@purevolume.com,Female
498,Skelly,Polding,,Genderqueer
499,Rainer,Jiracek,rjiracekdu@cisco.com,Male
500,Marys,Kall,mkalldv@dropbox.com,Female
501,Charyl,Javes,cjavesdw@freewebs.com,Female
502,Imogen,Colebourne,icolebournedx@parallels.com,Genderfluid
503,Wilburt,Matzel,wmatzeldy@google.fr,Bigender
504,Quinta,Chatto,qchattodz@slideshare.net,Female
505,Karen,Klejin,,Female
506,Meris,Moncrefe,mmoncrefee1@sbwire.com,Female
507,Maison,McGiffie,mmcgiffiee2@wikispaces.com,Male
508,Datha,Tilling,dtillinge3@google.com,Bigender
509,Paco,Jankovic,,Male
510,Giralda,Karpfen,gkarpfene5@craigslist.org,Female
511,Marilyn,Mulmuray,mmulmuraye6@spotify.com,Female
512,Gwendolyn,Purviss,gpurvisse7@skype.com,Female
513,Somerset,Mawman,smawmane8@mysql.com,Male
514,Mela,Brackpool,mbrackpoole9@sohu.com,Female
515,Berkley,Barney,bbarneyea@eventbrite.com,Male
516,Ikey,Duignan,iduignaneb@examiner.com,Male
517,Federica,Parlor,fparlorec@digg.com,Female
518,Eleanor,Lewisham,elewishamed@people.com.cn,Female
519,Erroll,Razzell,erazzellee@indiegogo.com,Male
520,Oralla,Waddam,owaddamef@home.pl,Female
521,Jorge,Matthesius,jmatthesiuseg@ft.com,Male
522,Web,Haslen,whasleneh@pbs.org,Male
523,Lorna,Roobottom,lroobottomei@samsung.com,Female
524,Allen,Icke,aickeej@java.com,Male
525,Pammy,Kunert,,Female
526,Ruben,Chaff,rchaffel@marketwatch.com,Male
527,Dru,Able,dableem@xing.com,Male
528,Letta,McCory,lmccoryen@addtoany.com,Female
529,Truman,Spoward,,Male
530,Nat,Kierans,nkieransep@admin.ch,Male
531,Garrek,Doyland,,Male
532,Estella,Struttman,estruttmaner@senate.gov,Female
533,Donnamarie,Moodycliffe,dmoodycliffees@w3.org,Female
534,Conway,Arundel,carundelet@artisteer.com,Male
535,Ely,Kincaid,ekincaideu@naver.com,Male
536,Broderic,Stieger,,Male
537,Shari,Sackett,ssackettew@hibu.com,Female
538,Darby,Dyment,ddymentex@joomla.org,Male
539,Eddie,Gotliffe,egotliffeey@vk.com,Male
540,Noach,Moylane,nmoylaneez@youku.com,Male
541,Anica,Lovelace,alovelacef0@ask.com,Female
542,Brady,Fettiplace,bfettiplacef1@wikispaces.com,Male
543,Carita,Coates,ccoatesf2@parallels.com,Female
544,Gav,Lamshead,,Male
545,Batholomew,Hunn,bhunnf4@narod.ru,Male
546,Nathaniel,Tomasutti,ntomasuttif5@goodreads.com,Male
547,Merilee,Cauderlie,mcauderlief6@admin.ch,Female
548,Leonie,Burgwyn,lburgwynf7@bbc.co.uk,Female
549,Rodrigo,Ivanaev,rivanaevf8@baidu.com,Male
550,Dur,Metzel,dmetzelf9@github.io,Male
551,Monroe,Hukins,mhukinsfa@telegraph.co.uk,Male
552,Bethany,Sambidge,bsambidgefb@examiner.com,Female
553,Zaneta,Bly,,Female
554,Tedd,Goulden,tgouldenfd@freewebs.com,Male
555,Oralle,Drohan,odrohanfe@slashdot.org,Female
556,Vi,Forth,vforthff@pcworld.com,Female
557,Cornie,Ivanichev,civanichevfg@zimbio.com,Male
558,Portie,Sisneros,psisnerosfh@yellowpages.com,Male
559,Leif,De Goey,ldegoeyfi@hubpages.com,Male
560,Jolee,Buckie,jbuckiefj@twitter.com,Female
561,Olympia,Panichelli,opanichellifk@latimes.com,Female
562,Pennie,Burgwyn,pburgwynfl@mayoclinic.com,Female
563,Gigi,Blencoe,gblencoefm@chicagotribune.com,Female
564,Merill,Skidmore,mskidmorefn@diigo.com,Male
565,Skelly,Poge,spogefo@issuu.com,Male
566,Davina,Martensen,,Female
567,Herman,Thorne,hthornefq@spotify.com,Male
568,Jo,Rowaszkiewicz,jrowaszkiewiczfr@cdbaby.com,Male
569,Salem,Izard,,Male
570,Alistair,Wheaton,awheatonft@about.com,Male
571,Joachim,Backwell,jbackwellfu@google.cn,Male
572,Damian,Fenimore,,Male
573,Teddy,Kundert,,Female
574,Cordy,Howchin,chowchinfx@sciencedaily.com,Female
575,Westley,Aldrin,waldrinfy@fc2.com,Male
576,Kris,Eddison,keddisonfz@gravatar.com,Male
577,Prinz,Kave,pkaveg0@vimeo.com,Male
578,Flora,Cardow,fcardowg1@chron.com,Female
579,North,Maharey,nmahareyg2@clickbank.net,Male
580,Mylo,Jankovsky,,Male
581,Gibby,Greenhaugh,ggreenhaughg4@theglobeandmail.com,Male
582,Maisie,Shepton,,Female
583,Wendel,Shann,,Non-binary
584,Genni,Draysey,,Female
585,Fidole,Juara,,Male
586,Wynnie,Doy,wdoyg9@hp.com,Female
587,Frederigo,Monnery,fmonneryga@dailymotion.com,Male
588,Kate,Beentjes,kbeentjesgb@gnu.org,Non-binary
589,Derek,Dombrell,ddombrellgc@usnews.com,Non-binary
590,Vasili,Yushmanov,vyushmanovgd@ucla.edu,Male
591,Alberta,Dickons,adickonsge@cam.ac.uk,Bigender
592,Shane,Keave,skeavegf@cpanel.net,Male
593,Paxton,McGuiness,pmcguinessgg@vistaprint.com,Male
594,Nonna,Kilsby,nkilsbygh@toplist.cz,Genderqueer
595,Kelsey,Rolfo,krolfogi@github.io,Agender
596,Jody,Jakubowsky,jjakubowskygj@purevolume.com,Female
597,Ana,Pelz,apelzgk@blogger.com,Female
598,Ellwood,Minihan,eminihangl@infoseek.co.jp,Male
599,Rudd,Meyrick,rmeyrickgm@live.com,Male
600,Malanie,Topper,mtoppergn@1688.com,Female
601,Judi,Heliet,jhelietgo@miitbeian.gov.cn,Female
602,Oliy,Jessel,,Female
603,Bank,Lille,blillegq@wordpress.com,Male
604,Dyana,Grumbridge,dgrumbridgegr@nhs.uk,Female
605,Morena,See,mseegs@sbwire.com,Female
606,Farlay,Bellee,,Male
607,Wanids,Grishanin,wgrishaningu@dmoz.org,Agender
608,Clemens,Frisby,cfrisbygv@about.me,Male
609,Milty,Thynne,,Male
610,Jeno,Stubbeley,jstubbeleygx@dmoz.org,Male
611,Barnaby,Bullivent,,Male
612,Andre,Knill,aknillgz@amazon.de,Male
613,Ethelred,Paolicchi,epaolicchih0@unesco.org,Male
614,Barbabra,Askem,baskemh1@state.tx.us,Female
615,Sheffield,Gosnell,sgosnellh2@paypal.com,Male
616,Quintilla,Feetham,qfeethamh3@lulu.com,Female
617,Camille,Hewertson,chewertsonh4@si.edu,Female
618,Godfry,Sewley,gsewleyh5@google.es,Male
619,Elvis,Tite,etiteh6@a8.net,Polygender
620,Ethelin,Tustin,etustinh7@tiny.cc,Female
621,Bailie,Sergeant,bsergeanth8@oakley.com,Male
622,Maureene,Males,mmalesh9@tiny.cc,Female
623,Dorothea,Dyster,ddysterha@pbs.org,Female
624,Aurthur,Phillcox,aphillcoxhb@dailymotion.com,Male
625,Nikos,Chilcotte,nchilcottehc@cyberchimps.com,Male
626,Bev,Cornfoot,bcornfoothd@wikia.com,Male
627,Carce,Mayow,,Male
628,Bella,Thumim,bthumimhf@macromedia.com,Non-binary
629,Thorny,Mulmuray,tmulmurayhg@wikia.com,Male
630,Steffen,Byatt,sbyatthh@twitpic.com,Male
631,Zorine,Snow,zsnowhi@youtube.com,Female
632,Mauricio,Spriggs,mspriggshj@arizona.edu,Non-binary
633,Anselma,Emmot,aemmothk@telegraph.co.uk,Female
634,Valaree,Espinay,,Female
635,Locke,Gossington,lgossingtonhm@themeforest.net,Male
636,Trey,Halhead,,Male
637,Waiter,Oloshkin,woloshkinho@si.edu,Male
638,Adela,Fenwick,afenwickhp@ucoz.ru,Female
639,Jillian,Bredgeland,jbredgelandhq@netscape.com,Female
640,Bendite,Jiles,bjileshr@addtoany.com,Female
641,Edan,Ruthven,eruthvenhs@wikispaces.com,Male
642,Durante,Tompkiss,dtompkissht@indiatimes.com,Male
643,Jessica,Trevon,jtrevonhu@4shared.com,Female
644,Blakeley,Dog,bdoghv@census.gov,Female
645,Percy,Feore,pfeorehw@drupal.org,Male
646,Ardeen,Allnatt,aallnatthx@marketwatch.com,Female
647,Amos,Algate,aalgatehy@domainmarket.com,Male
648,Harbert,Coaten,hcoatenhz@cdbaby.com,Male
649,Oralee,Iorizzo,oiorizzoi0@gov.uk,Female
650,Sawyere,Schubuser,sschubuseri1@engadget.com,Male
651,Larissa,Buckthought,lbuckthoughti2@theglobeandmail.com,Female
652,Tab,Iles,tilesi3@wordpress.org,Male
653,Morena,Klemencic,mklemencici4@blogtalkradio.com,Female
654,Constantino,Claire,cclairei5@barnesandnoble.com,Male
655,Tish,Bampkin,tbampkini6@google.cn,Female
656,Clark,Zupo,czupoi7@ibm.com,Male
657,Elicia,Fownes,efownesi8@cbslocal.com,Female
658,Saraann,Bendix,sbendixi9@trellian.com,Female
659,Sven,Bowell,sbowellia@desdev.cn,Male
660,Robers,Maciunas,rmaciunasib@histats.com,Male
661,Herby,Espinola,hespinolaic@dropbox.com,Male
662,Matthieu,Aubin,maubinid@boston.com,Male
663,Vail,Bannester,vbannesterie@vinaora.com,Male
664,Midge,O Mullen,momullenif@tuttocitta.it,Female
665,Jami,Beaconsall,jbeaconsallig@princeton.edu,Non-binary
666,Renelle,Franceschino,rfranceschinoih@soundcloud.com,Female
667,Jim,Shurrock,jshurrockii@yellowpages.com,Male
668,Neil,Luna,nlunaij@google.com.hk,Male
669,George,Durdle,gdurdleik@imdb.com,Male
670,Kristoforo,Hares,kharesil@apache.org,Male
671,Homere,Preddy,hpreddyim@hc360.com,Male
672,Umeko,Crackett,ucrackettin@noaa.gov,Female
673,Bordie,Orkney,,Genderfluid
674,Kimble,Viger,kvigerip@tuttocitta.it,Male
675,Ebeneser,Klejin,eklejiniq@eepurl.com,Male
676,Pedro,Warrender,pwarrenderir@jiathis.com,Male
677,Kent,Broadbent,kbroadbentis@nationalgeographic.com,Genderqueer
678,Ninon,McCard,,Female
679,Cliff,Lyvon,,Male
680,Emmalynn,Boltwood,eboltwoodiv@accuweather.com,Female
681,Andy,Kliment,aklimentiw@wikimedia.org,Female
682,Carleton,Jaouen,cjaouenix@xing.com,Male
683,Benedicta,Dyer,bdyeriy@ftc.gov,Female
684,Whitby,Soda,wsodaiz@gov.uk,Male
685,Thomasin,Matchitt,tmatchittj0@bandcamp.com,Female
686,Dannel,Austing,daustingj1@paginegialle.it,Male
687,Nady,Serris,nserrisj2@lycos.com,Female
688,Lisabeth,Trinke,,Female
689,Charmian,Erik,cerikj4@pen.io,Female
690,Xever,Beagles,,Male
691,Clarance,Ivell,civellj6@netlog.com,Male
692,Miller,Rapson,mrapsonj7@wsj.com,Male
693,Glenn,McIlrath,gmcilrathj8@springer.com,Male
694,Dru,Leifer,,Male
695,Joyous,Matityahu,jmatityahuja@g.co,Female
696,Nels,Levings,nlevingsjb@moonfruit.com,Male
697,Georgie,Geleman,ggelemanjc@who.int,Female
698,Tally,Renihan,trenihanjd@diigo.com,Non-binary
699,Parke,Boldecke,,Male
700,Cleve,Antunes,cantunesjf@ihg.com,Male
701,Laural,Joinsey,ljoinseyjg@ask.com,Female
702,Garvin,Benini,gbeninijh@ucoz.ru,Male
703,Rachel,Ketch,rketchji@theguardian.com,Female
704,Edouard,Bentinck,ebentinckjj@yahoo.com,Male
705,Leia,Tolumello,ltolumellojk@youtu.be,Female
706,Celle,Todari,ctodarijl@1688.com,Female
707,Cheston,Georgescu,cgeorgescujm@domainmarket.com,Male
708,Rolph,Follen,rfollenjn@artisteer.com,Male
709,Emmalyn,Steckings,esteckingsjo@clickbank.net,Female
710,Reece,Gleeson,rgleesonjp@unesco.org,Male
711,Desmund,Sille,dsillejq@cnbc.com,Male
712,Cristiano,Domenge,cdomengejr@telegraph.co.uk,Male
713,Gar,Sousa,gsousajs@irs.gov,Male
714,Ashla,Treske,atreskejt@yelp.com,Female
715,Lauryn,Fearn,lfearnju@feedburner.com,Female
716,Brigit,Caban,bcabanjv@bloomberg.com,Female
717,Elly,Cowoppe,ecowoppejw@unc.edu,Female
718,Rozalie,Mettricke,rmettrickejx@nba.com,Genderfluid
719,Delano,Suero,dsuerojy@redcross.org,Male
720,Annadiana,Gluyas,agluyasjz@miitbeian.gov.cn,Female
721,Dolli,Blencoe,dblencoek0@hud.gov,Female
722,Reinold,Tregidga,rtregidgak1@businessweek.com,Male
723,Wally,Hewkin,whewkink2@wikipedia.org,Female
724,Annora,Megson,amegsonk3@google.com.br,Female
725,Ettore,Baptiste,ebaptistek4@joomla.org,Male
726,Vanda,Lindegard,vlindegardk5@constantcontact.com,Female
727,Thayne,Bispham,tbisphamk6@umich.edu,Male
728,Elmira,Chapple,echapplek7@last.fm,Female
729,Zollie,Hinze,,Male
730,Sheryl,Bayley,sbayleyk9@photobucket.com,Female
731,Inger,Crooke,icrookeka@chicagotribune.com,Genderfluid
732,Yoshi,Greathead,ygreatheadkb@pen.io,Female
733,Justinian,Pritchitt,,Male
734,Bruce,Pennings,bpenningskd@bandcamp.com,Male
735,Marcus,McShane,mmcshaneke@imageshack.us,Male
736,Hamid,McBrady,hmcbradykf@google.es,Male
737,Brooks,Bertolaccini,,Male
738,Parnell,Fourcade,pfourcadekh@booking.com,Male
739,Alejandrina,Balazs,abalazski@free.fr,Female
740,Dona,Warrillow,dwarrillowkj@go.com,Female
741,Jemie,Schapiro,jschapirokk@java.com,Female
742,Gabi,Clemot,gclemotkl@netlog.com,Male
743,Berkeley,Bowcock,bbowcockkm@nps.gov,Male
744,Ripley,Astill,rastillkn@vkontakte.ru,Male
745,Mable,Pavlovic,mpavlovicko@marketwatch.com,Female
746,Emelyne,Osgar,eosgarkp@howstuffworks.com,Female
747,Haydon,Pahl,,Male
748,Cynde,Dungate,cdungatekr@e-recht24.de,Female
749,Esme,Sam,esamks@weibo.com,Female
750,Ulrick,Antognelli,uantognellikt@spotify.com,Genderqueer
751,Betteanne,Dyott,bdyottku@exblog.jp,Female
752,Dion,Kean,dkeankv@flickr.com,Female
753,Ezri,Paxeford,epaxefordkw@huffingtonpost.com,Male
754,Hermon,Le feuvre,,Male
755,Lissy,Mullett,lmullettky@sourceforge.net,Female
756,Vassili,Hillhouse,vhillhousekz@whitehouse.gov,Male
757,Melissa,Landsbury,mlandsburyl0@flavors.me,Agender
758,Ree,Christin,rchristinl1@cpanel.net,Female
759,Farley,Aldrick,faldrickl2@senate.gov,Male
760,Nefen,Flancinbaum,nflancinbauml3@gravatar.com,Male
761,Noble,Clemente,nclementel4@pen.io,Male
762,Jelene,Barnicott,jbarnicottl5@hatena.ne.jp,Female
763,Trixy,Kingsman,tkingsmanl6@cpanel.net,Agender
764,Garland,Spuffard,gspuffardl7@soundcloud.com,Female
765,Neron,Stelfox,nstelfoxl8@bravesites.com,Male
766,Margery,Bordessa,mbordessal9@amazon.co.jp,Bigender
767,Thacher,Humbee,thumbeela@quantcast.com,Genderqueer
768,Torrin,Christoforou,tchristoforoulb@marriott.com,Male
769,Florina,Jorczyk,fjorczyklc@cdc.gov,Female
770,Mayor,Giacopetti,mgiacopettild@cam.ac.uk,Male
771,Nero,Goaley,ngoaleyle@prweb.com,Agender
772,Norby,Powling,npowlinglf@ftc.gov,Male
773,Jethro,Silby,jsilbylg@google.com.au,Male
774,Morganne,Sinnie,msinnielh@digg.com,Non-binary
775,Lola,Clarridge,lclarridgeli@google.it,Female
776,Clay,Wooster,cwoosterlj@hugedomains.com,Male
777,Vick,Vanichkin,vvanichkinlk@nih.gov,Male
778,Tobe,Ping,tpingll@businesswire.com,Female
779,Freemon,Simmonite,fsimmonitelm@scribd.com,Genderqueer
780,Zonda,De Matteis,zdematteisln@ucsd.edu,Female
781,Farrah,Mcettrick,fmcettricklo@typepad.com,Female
782,Alene,Filyakov,afilyakovlp@lulu.com,Female
783,Greg,Pinching,gpinchinglq@amazon.co.jp,Male
784,Quintilla,Rathbourne,qrathbournelr@youtube.com,Female
785,Robinet,Pasquale,rpasqualels@woothemes.com,Female
786,Fowler,Paddick,fpaddicklt@google.ca,Male
787,Giordano,Slayford,gslayfordlu@meetup.com,Male
788,Obadias,Riteley,oriteleylv@myspace.com,Male
789,Wood,Bunney,wbunneylw@bizjournals.com,Male
790,Darby,Parman,dparmanlx@phpbb.com,Female
791,Shirlene,Cargen,scargenly@washington.edu,Female
792,Oneida,Finlan,ofinlanlz@hugedomains.com,Female
793,Cyndi,Camin,ccaminm0@cam.ac.uk,Female
794,Glenine,Everett,geverettm1@chron.com,Agender
795,Sigismondo,Hellen,shellenm2@nih.gov,Male
796,Brewster,Miles,,Male
797,Xylia,Heinlein,xheinleinm4@miibeian.gov.cn,Female
798,Tobe,Rubinowicz,trubinowiczm5@ucla.edu,Male
799,Rosette,Rallin,rrallinm6@nba.com,Female
800,Lorrin,Jerisch,ljerischm7@live.com,Female
801,Farris,Bes,,Male
802,Claudia,Halm,chalmm9@jugem.jp,Female
803,Mata,Noads,mnoadsma@usatoday.com,Male
804,Rodger,Dumbleton,rdumbletonmb@buzzfeed.com,Male
805,Mariette,Timmermann,,Female
806,Ingemar,Jindrich,ijindrichmd@dot.gov,Bigender
807,Dore,Cattellion,dcattellionme@fda.gov,Female
808,Cinderella,Waghorne,,Female
809,Elroy,Goadby,egoadbymg@wikia.com,Male
810,Zsazsa,Danton,zdantonmh@zdnet.com,Female
811,Sergio,Ballach,sballachmi@dropbox.com,Male
812,Barri,Rhucroft,,Genderqueer
813,Kipp,Blanchflower,kblanchflowermk@archive.org,Male
814,Dael,Santarelli,dsantarelliml@lycos.com,Genderfluid
815,Pren,Gecke,pgeckemm@google.com.hk,Male
816,La verne,Whawell,lwhawellmn@independent.co.uk,Female
817,North,Fernan,,Male
818,Erv,Kleynen,ekleynenmp@cdbaby.com,Male
819,Merwin,Issac,,Bigender
820,Thacher,Izkoveski,tizkoveskimr@example.com,Male
821,Pate,Cruse,pcrusems@jigsy.com,Male
822,Bettina,Estabrook,bestabrookmt@dedecms.com,Agender
823,Pietro,Merner,pmernermu@weebly.com,Male
824,Torrence,Audritt,taudrittmv@virginia.edu,Male
825,Kathryne,Asaaf,,Female
826,Dena,MacAndie,,Female
827,Spence,Harcus,sharcusmy@youku.com,Male
828,Adam,Pettman,apettmanmz@4shared.com,Male
829,Neille,Welberry,nwelberryn0@nasa.gov,Female
830,Jeana,Grennan,jgrennann1@storify.com,Female
831,Goober,Hardingham,ghardinghamn2@netvibes.com,Genderfluid
832,Shanta,Kuna,skunan3@pcworld.com,Female
833,Thornie,Thackeray,tthackerayn4@nydailynews.com,Male
834,Rosalyn,Humpage,,Female
835,Ernest,Swindley,eswindleyn6@disqus.com,Male
836,Warde,Schimpke,wschimpken7@businessinsider.com,Male
837,Micheil,Austing,maustingn8@ca.gov,Male
838,Luci,Forton,lfortonn9@is.gd,Female
839,Anet,Poytheras,apoytherasna@rediff.com,Female
840,Ban,Warsop,bwarsopnb@twitpic.com,Male
841,Aurlie,Veevers,aveeversnc@harvard.edu,Female
842,Gerty,Berthod,gberthodnd@meetup.com,Female
843,Scott,Skerratt,sskerrattne@guardian.co.uk,Male
844,Sherry,Goldwater,sgoldwaternf@home.pl,Female
845,Curtice,Ginnelly,cginnellyng@ca.gov,Male
846,Pier,Mation,pmationnh@1688.com,Genderfluid
847,Jamesy,Norquay,jnorquayni@pen.io,Male
848,Ingram,Jodkowski,,Male
849,Ellwood,Beamont,ebeamontnk@scientificamerican.com,Male
850,Sherwynd,Warlock,swarlocknl@thetimes.co.uk,Male
851,Dona,Arlow,darlownm@fema.gov,Female
852,Ginevra,Pascall,gpascallnn@xinhuanet.com,Female
853,Mariska,Marcos,mmarcosno@dailymotion.com,Female
854,Lynn,Irnis,lirnisnp@ezinearticles.com,Genderqueer
855,Simeon,Cadwaladr,scadwaladrnq@hao123.com,Male
856,Dody,Kittman,dkittmannr@xing.com,Female
857,Laural,Quilkin,lquilkinns@amazon.de,Female
858,Fawn,Turle,fturlent@amazon.co.uk,Female
859,Tootsie,Pycock,,Genderqueer
860,Crystal,Maber,cmabernv@discovery.com,Female
861,Kathie,Srawley,ksrawleynw@altervista.org,Female
862,Abby,Creese,acreesenx@facebook.com,Female
863,Erena,Van Halle,evanhalleny@gmpg.org,Female
864,Sauveur,Steane,,Agender
865,Lovell,Bransdon,lbransdono0@rakuten.co.jp,Male
866,Joline,Papps,jpappso1@weebly.com,Female
867,Tod,Putt,tputto2@archive.org,Agender
868,Olive,Sawkin,osawkino3@thetimes.co.uk,Female
869,Margery,Copes,mcopeso4@bbb.org,Female
870,Gallard,Gorch,ggorcho5@163.com,Male
871,Eziechiele,Lindstedt,elindstedto6@engadget.com,Male
872,Titos,Vorley,tvorleyo7@unc.edu,Male
873,Malanie,Wilcockes,,Female
874,Rourke,Cawcutt,rcawcutto9@cdc.gov,Male
875,Muhammad,Lawfull,mlawfulloa@jimdo.com,Male
876,Shirleen,Blanning,sblanningob@un.org,Female
877,Enriqueta,Bugbird,ebugbirdoc@facebook.com,Female
878,Sammie,Kittle,skittleod@narod.ru,Male
879,Brander,Simonitto,bsimonittooe@comsenz.com,Male
880,Henderson,Styles,hstylesof@cocolog-nifty.com,Male
881,Correy,Anelay,canelayog@reddit.com,Male
882,Lane,Thurley,lthurleyoh@merriam-webster.com,Female
883,Joachim,Jereatt,,Male
884,Sandro,Fri,sfrioj@prlog.org,Male
885,Alvy,Burnsyde,aburnsydeok@pagesperso-orange.fr,Male
886,Claudelle,Drohun,cdrohunol@bizjournals.com,Agender
887,Howey,Quincey,hquinceyom@blogger.com,Male
888,Giuditta,Hadenton,ghadentonon@opera.com,Female
889,Ailyn,McCaughran,,Female
890,Wylie,Innman,,Genderfluid
891,Thea,Pogue,tpogueoq@berkeley.edu,Female
892,Buddy,Dehm,bdehmor@cbc.ca,Male
893,Adlai,Strete,astreteos@yandex.ru,Male
894,Inglebert,Moores,imooresot@yale.edu,Male
895,Ofella,Faichney,ofaichneyou@vkontakte.ru,Female
896,Yolanthe,Castledine,ycastledineov@harvard.edu,Female
897,Ruggiero,Duprey,rdupreyow@imdb.com,Male
898,Chaddie,Trevallion,ctrevallionox@flavors.me,Male
899,Poul,Stovell,pstovelloy@photobucket.com,Male
900,Alix,Masarrat,amasarratoz@desdev.cn,Female
901,Cornall,Dibble,cdibblep0@jugem.jp,Male
902,Pascal,Vaines,pvainesp1@discuz.net,Male
903,Tom,Maciocia,tmaciociap2@tuttocitta.it,Male
904,Kay,Backshall,kbackshallp3@bigcartel.com,Female
905,Brien,Hinzer,bhinzerp4@dion.ne.jp,Male
906,Colman,Evason,cevasonp5@sakura.ne.jp,Male
907,Roger,Gothrup,rgothrupp6@uiuc.edu,Male
908,Chlo,Bedborough,cbedboroughp7@opensource.org,Female
909,Sharleen,Shannahan,sshannahanp8@cnn.com,Female
910,Ronnica,Loos,rloosp9@archive.org,Female
911,Scottie,Ranger,srangerpa@last.fm,Male
912,Rebecka,Harridge,rharridgepb@nps.gov,Female
913,Lindsay,Le Port,,Male
914,Benni,Haddington,bhaddingtonpd@answers.com,Female
915,Meade,Presidey,mpresideype@ucoz.ru,Male
916,Sherry,O'dell,sodellpf@japanpost.jp,Female
917,Hyacintha,Haberfield,hhaberfieldpg@home.pl,Female
918,Odo,Bamborough,obamboroughph@sourceforge.net,Male
919,Ly,Huyge,lhuygepi@dagondesign.com,Male
920,Dion,Campbell,dcampbellpj@hugedomains.com,Male
921,Franky,Figurski,ffigurskipk@acquirethisname.com,Female
922,Gordan,Prevost,gprevostpl@ocn.ne.jp,Agender
923,Shayla,Chill,schillpm@utexas.edu,Female
924,Missy,Hewins,mhewinspn@sbwire.com,Female
925,Farlee,Layne,flaynepo@fc2.com,Male
926,Fenelia,Clayill,fclayillpp@about.com,Female
927,Marillin,Teodoro,,Female
928,Sapphire,Otson,sotsonpr@telegraph.co.uk,Female
929,Ryan,Radcliffe,rradcliffeps@army.mil,Male
930,Aldwin,Gowanson,,Male
931,Julie,Billes,jbillespu@creativecommons.org,Female
932,Ceil,Ceney,cceneypv@rakuten.co.jp,Female
933,Ally,Challicombe,achallicombepw@reuters.com,Female
934,Carmel,Probbings,cprobbingspx@narod.ru,Genderfluid
935,Jermaine,Don,jdonpy@clickbank.net,Male
936,Kate,Lambeth,klambethpz@reddit.com,Female
937,Melisenda,Eshmade,meshmadeq0@mtv.com,Female
938,Urbano,Oehm,uoehmq1@pbs.org,Male
939,Aymer,McIlrath,,Male
940,Orlando,Steere,osteereq3@virginia.edu,Male
941,Hervey,Wallentin,hwallentinq4@icq.com,Male
942,Stefa,Tenman,stenmanq5@mysql.com,Female
943,Edita,Carrack,ecarrackq6@vimeo.com,Female
944,Bel,Salasar,,Female
945,Hamlen,Fennick,,Male
946,Alastair,Darnbrough,adarnbroughq9@mail.ru,Male
947,Aile,Mazzey,amazzeyqa@businessinsider.com,Female
948,Arel,Mitham,amithamqb@bloglovin.com,Male
949,Lucias,Rowthorn,lrowthornqc@ocn.ne.jp,Male
950,Davon,Meritt,dmerittqd@fastcompany.com,Male
951,Leta,Ellicott,lellicottqe@weather.com,Female
952,Atalanta,Sedger,asedgerqf@house.gov,Female
953,Peyton,Hanhardt,phanhardtqg@elegantthemes.com,Male
954,Tiffi,Soulsby,tsoulsbyqh@artisteer.com,Female
955,Filide,Dewfall,,Female
956,Harmonie,Pavese,,Female
957,Adelind,Pinwell,apinwellqk@instagram.com,Female
958,Ashlee,Fante,afanteql@mozilla.org,Genderfluid
959,Ban,deKnevet,bdeknevetqm@fc2.com,Male
960,Powell,Gammage,pgammageqn@blogger.com,Male
961,Phylys,Coule,pcouleqo@jugem.jp,Female
962,Tammy,McMarquis,tmcmarquisqp@slashdot.org,Male
963,Maryjane,Guiness,mguinessqq@cornell.edu,Bigender
964,Zabrina,Terrett,zterrettqr@github.io,Female
965,Tedd,Byass,tbyassqs@rediff.com,Male
966,Lucilia,Sokell,lsokellqt@etsy.com,Female
967,Dulcinea,Saffin,dsaffinqu@state.gov,Bigender
968,Aurora,Drohane,,Female
969,Rochester,Zylberdik,rzylberdikqw@xing.com,Male
970,Tobi,Sexstone,tsexstoneqx@com.com,Female
971,Silvio,Hissett,shissettqy@google.it,Male
972,Berty,Renn,brennqz@earthlink.net,Female
973,Netti,Cicchetto,ncicchettor0@creativecommons.org,Female
974,Chuck,Radin,,Male
975,Denny,Pollicatt,dpollicattr2@friendfeed.com,Male
976,Augustin,Orto,aortor3@free.fr,Male
977,Albrecht,Gawthrop,agawthropr4@csmonitor.com,Male
978,Evangelin,Risen,erisenr5@disqus.com,Female
979,Jonis,Lamey,jlameyr6@nytimes.com,Female
980,Celina,Sallinger,,Female
981,Alex,Allewell,aallewellr8@g.co,Female
982,Mireielle,Baverstock,mbaverstockr9@cloudflare.com,Female
983,Man,Hidderley,mhidderleyra@digg.com,Male
984,Jamie,Loche,jlocherb@samsung.com,Male
985,Levey,Whight,lwhightrc@wikia.com,Male
986,Jilly,Longo,,Female
987,Giffie,McArley,gmcarleyre@exblog.jp,Male
988,Kareem,Massimi,,Male
989,Ardelia,Hartzog,ahartzogrg@cafepress.com,Female
990,Steffen,Killbey,skillbeyrh@va.gov,Male
991,Andy,Beszant,abeszantri@cornell.edu,Female
992,Sax,Guerrin,sguerrinrj@bloglines.com,Male
993,Dill,Vescovo,dvescovork@uol.com.br,Male
994,Tate,Aysh,tayshrl@naver.com,Male
995,Staford,Wardale,swardalerm@google.com.hk,Male
996,Lisbeth,Ickovici,lickovicirn@over-blog.com,Female
997,Shirl,Rusted,srustedro@vk.com,Female
998,Bridgette,Eslemont,beslemontrp@cpanel.net,Female
999,Winn,Grigoliis,wgrigoliisrq@creativecommons.org,Male
1000,Lotte,Spiers,lspiersrr@irs.gov,Female
