ID,nome,sobrenome,email,sexo,credencial
1,Bruno,Dickins,bdickins0@flavors.me,Male,16714-385
2,Corissa,Stryde,cstryde1@msn.com,Female,68788-9729
3,Sully,Hurran,shurran2@barnesandnoble.com,Male,0395-0073
4,Aluin,Channer,achanner3@stumbleupon.com,Male,36987-1005
5,Steffane,Dawe,sdawe4@angelfire.com,Female,57664-441
6,Bria,Mellon,bmellon5@xrea.com,Female,0615-1527
7,Tibold,Tripp,,Male,67253-821
8,Jessie,McSporon,jmcsporon7@mashable.com,Male,23155-244
9,Monti,Hadley,mhadley8@sitemeter.com,Male,58118-0013
10,Pierre,Pollicatt,ppollicatt9@thetimes.co.uk,Male,11523-7219
11,Essie,Boerderman,eboerdermana@fastcompany.com,Genderqueer,55289-293
12,Leoine,Bentzen,lbentzenb@hud.gov,Female,51452-010
13,Daffi,Dedden,,Female,50436-4605
14,Kimberlyn,Lorent,klorentd@umich.edu,Genderqueer,55154-2415
15,Lenette,Standing,lstandinge@jugem.jp,Female,41250-843
16,Jordan,Causbey,jcausbeyf@craigslist.org,Female,0280-1435
17,Davide,Seger,dsegerg@163.com,Male,62011-0248
18,Mahala,Haglinton,mhaglintonh@cbc.ca,Female,64725-0327
19,Gorden,Merle,gmerlei@gravatar.com,Male,55648-735
20,Prent,Gorrick,pgorrickj@miibeian.gov.cn,Male,61957-1471
21,Annabela,Dollen,adollenk@fema.gov,Female,51389-253
22,Lezlie,Jacquemet,,Female,0003-1965
23,Marcellina,Hotchkin,mhotchkinm@pen.io,Genderqueer,64893-200
24,Keary,Stoile,kstoilen@sciencedirect.com,Male,61722-083
25,Lilyan,Sellwood,lsellwoodo@house.gov,Female,58118-0115
26,Christoph,Pinkett,cpinkettp@dailymail.co.uk,Male,68788-9212
27,Marilee,Jannex,mjannexq@google.co.uk,Female,52125-271
28,Abra,Birtonshaw,abirtonshawr@ox.ac.uk,Female,10237-628
29,Niall,Alben,nalbens@loc.gov,Male,75854-312
30,Eydie,Feltoe,,Female,68084-736
31,Eleen,Kick,ekicku@amazonaws.com,Female,42254-212
32,Eal,Drewry,edrewryv@dmoz.org,Male,58503-033
33,Gwenora,Rabson,,Female,63824-172
34,Salvidor,Losbie,slosbiex@google.nl,Male,70253-392
35,Leah,Lubeck,llubecky@yahoo.co.jp,Female,49288-0007
36,Aldous,Woolliams,awoolliamsz@marketwatch.com,Male,54868-5124
37,Wileen,McDugal,wmcdugal10@msu.edu,Female,52125-385
38,Adriana,Karadzas,akaradzas11@unicef.org,Agender,10019-633
39,Camel,Gerrish,cgerrish12@canalblog.com,Female,65841-658
40,Gino,Chessell,gchessell13@google.pl,Male,43419-857
41,Abner,Couser,acouser14@soup.io,Male,65342-2320
42,Arlan,Joutapaitis,ajoutapaitis15@bloomberg.com,Male,54162-500
43,Elise,Allett,eallett16@ask.com,Female,67510-0012
44,Veronica,Persey,vpersey17@answers.com,Female,0113-1411
45,Kelsey,Stive,kstive18@cpanel.net,Female,12027-106
46,Edvard,Jephcott,ejephcott19@behance.net,Male,63922-600
47,Phoebe,Boar,,Female,67692-340
48,Maren,Frankcom,mfrankcom1b@posterous.com,Female,0517-3065
49,Augustine,Oddboy,,Female,42884-854
50,Rodie,Hatherall,rhatherall1d@techcrunch.com,Polygender,43063-475
51,Stevy,Gooday,sgooday1e@livejournal.com,Male,45264-002
52,Keven,Mariyushkin,kmariyushkin1f@ow.ly,Male,62011-0226
53,Dominique,Ferriby,dferriby1g@facebook.com,Female,68453-850
54,Elijah,Skinley,eskinley1h@pen.io,Male,0135-0118
55,Horatius,Iacobacci,hiacobacci1i@cbslocal.com,Male,36987-1808
56,Heall,Colt,,Male,41250-306
57,Alaster,Jezzard,ajezzard1k@wix.com,Male,63824-260
58,Sol,Sussans,,Male,41250-946
59,Frederich,Folling,ffolling1m@alexa.com,Male,10096-0155
60,Odessa,Jaray,ojaray1n@creativecommons.org,Female,51531-7472
61,Carl,Laybourn,claybourn1o@japanpost.jp,Male,64679-544
62,Teresita,Cowburn,tcowburn1p@senate.gov,Female,68745-1053
63,Timotheus,Strank,tstrank1q@yellowbook.com,Male,61957-2553
64,Abramo,Beggi,abeggi1r@typepad.com,Male,55154-6218
65,Tam,Konig,tkonig1s@state.tx.us,Male,69233-644
66,Fan,O'Caherny,focaherny1t@amazon.com,Female,68016-470
67,Westley,Juza,wjuza1u@oakley.com,Male,0268-6537
68,Kelly,Berr,kberr1v@wufoo.com,Male,59115-074
69,Angelique,Vlies,avlies1w@mapy.cz,Female,68382-444
70,Leilah,Ducker,lducker1x@usatoday.com,Female,62112-8045
71,Vonni,Rookesby,,Female,68330-006
72,Alvis,Borkin,aborkin1z@squarespace.com,Male,0067-2086
73,Annis,Wilmut,awilmut20@acquirethisname.com,Female,65342-2320
74,Armstrong,Foale,afoale21@hexun.com,Male,0268-0618
75,Delaney,Jancso,,Male,52584-030
76,Jane,Cornes,jcornes23@comcast.net,Female,57337-017
77,Bond,Hebble,bhebble24@vistaprint.com,Male,0270-0556
78,Merrick,Danilenko,,Male,66097-004
79,Nigel,MacBrearty,nmacbrearty26@goo.gl,Male,68745-1050
80,Alexandra,Trevillion,atrevillion27@symantec.com,Female,50181-0014
81,Reid,Greason,rgreason28@europa.eu,Male,0781-3009
82,Lucila,Caudwell,,Non-binary,37205-519
83,Nora,Greenhough,ngreenhough2a@dyndns.org,Female,55154-5686
84,Rafaellle,Juara,rjuara2b@ucla.edu,Male,11523-7154
85,Gene,Kingsbury,gkingsbury2c@behance.net,Male,25021-651
86,Aubrey,Dignam,adignam2d@vkontakte.ru,Female,59779-390
87,Isidro,Burdin,iburdin2e@wisc.edu,Male,61957-0116
88,Anatole,Keppel,akeppel2f@digg.com,Male,63187-071
89,Bernardine,Timpany,btimpany2g@chron.com,Female,50383-772
90,Lyn,Tyrie,ltyrie2h@oaic.gov.au,Female,61995-0104
91,Guendolen,Cowx,gcowx2i@chronoengine.com,Female,59779-411
92,Thayne,Hall-Gough,,Male,0615-7659
93,Isador,D'Costa,idcosta2k@sogou.com,Male,54868-5077
94,Bartlett,Ciani,bciani2l@people.com.cn,Male,0363-0590
95,Annabel,Baines,abaines2m@hatena.ne.jp,Female,58232-0532
96,Ripley,Friese,rfriese2n@adobe.com,Male,68988-020
97,Ker,Pallister,kpallister2o@hc360.com,Male,68196-194
98,Mar,Isoldi,misoldi2p@archive.org,Agender,11822-9017
99,Samara,Kenaway,skenaway2q@theguardian.com,Female,51672-4109
100,Berti,Fantone,bfantone2r@earthlink.net,Male,61919-065
101,Elwira,Dunnion,edunnion2s@washington.edu,Female,58605-150
102,Glynn,Perview,gperview2t@qq.com,Male,44356-0001
103,Zacharie,Popley,zpopley2u@youtube.com,Male,59478-000
104,Kathie,Cratchley,kcratchley2v@chronoengine.com,Female,0268-6519
105,Mattie,Vasishchev,mvasishchev2w@epa.gov,Female,49967-505
106,Delora,Reichartz,dreichartz2x@pagesperso-orange.fr,Non-binary,48951-7006
107,Talya,Tyrone,ttyrone2y@usatoday.com,Agender,43353-688
108,Rosmunda,Pren,rpren2z@amazon.co.jp,Female,0517-2096
109,Onfre,Weavers,oweavers30@state.tx.us,Male,64762-864
110,Hillery,Shelp,hshelp31@simplemachines.org,Male,51621-046
111,Roby,Yegorev,ryegorev32@dailymail.co.uk,Female,55154-3933
112,Torrie,Tonsley,ttonsley33@intel.com,Female,63629-4748
113,Johnna,Stannislawski,jstannislawski34@google.ca,Genderqueer,36987-1865
114,Emerson,Eathorne,eeathorne35@reuters.com,Male,21695-670
115,Cymbre,Darlaston,cdarlaston36@marriott.com,Female,41250-081
116,Roseanna,O' Neligan,roneligan37@1und1.de,Polygender,64893-413
117,Junia,Maisey,,Agender,67457-523
118,Charmane,Tutsell,ctutsell39@exblog.jp,Female,98132-173
119,Daniella,Nellen,dnellen3a@studiopress.com,Female,49897-274
120,Ronica,Abella,rabella3b@yahoo.com,Female,0395-1249
121,Timmy,Dunham,tdunham3c@elpais.com,Male,0603-5372
122,Shirlee,Mewton,,Female,98132-891
123,Rice,Brunetti,rbrunetti3e@pcworld.com,Male,59630-113
124,Galven,Borgne,gborgne3f@mlb.com,Male,49349-064
125,Amberly,MacNab,,Female,0944-4351
126,Dalton,Vasnetsov,dvasnetsov3h@last.fm,Genderfluid,49349-595
127,Rene,Gilbert,rgilbert3i@disqus.com,Female,16590-544
128,Freddie,Kennington,,Female,65342-1002
129,Sophronia,Cunniff,scunniff3k@hibu.com,Bigender,42023-151
130,Berny,Trundle,btrundle3l@europa.eu,Female,0832-0707
131,Sophie,Sara,ssara3m@nasa.gov,Female,13537-056
132,Gerrilee,Prendeville,gprendeville3n@accuweather.com,Female,60429-763
133,Bondon,Sand,bsand3o@fotki.com,Non-binary,65923-100
134,Godiva,Cremer,,Female,54868-0733
135,Eugenius,Dumbarton,edumbarton3q@unicef.org,Male,54575-188
136,Leonore,Balint,lbalint3r@simplemachines.org,Female,66184-420
137,Noreen,Renahan,nrenahan3s@xing.com,Female,40057-6001
138,Ree,Prazor,rprazor3t@diigo.com,Female,51672-2003
139,Annmarie,Sheldrick,asheldrick3u@msn.com,Female,55301-117
140,Gussi,Timoney,gtimoney3v@123-reg.co.uk,Female,66689-810
141,Culver,Oleksinski,coleksinski3w@shutterfly.com,Male,36987-2702
142,Hodge,Stollman,hstollman3x@europa.eu,Male,41250-020
143,Dorotea,Deevey,ddeevey3y@booking.com,Female,49349-364
144,Philippa,Lambarton,plambarton3z@hubpages.com,Female,60429-057
145,Shelagh,Blincko,sblincko40@wikia.com,Female,49643-315
146,Joy,Gilroy,jgilroy41@xing.com,Female,13668-083
147,Dillie,Stainsby,dstainsby42@1und1.de,Male,57337-051
148,Georgette,Du Plantier,gduplantier43@vistaprint.com,Female,63545-645
149,Ursula,Hought,uhought44@typepad.com,Female,11410-412
150,Delcina,Maghull,dmaghull45@dmoz.org,Female,68196-213
151,Leia,Lober,llober46@epa.gov,Female,57520-0150
152,Anson,Barendtsen,abarendtsen47@twitter.com,Male,57344-157
153,Leilah,Chartman,lchartman48@disqus.com,Female,61748-220
154,Lorena,Ragate,lragate49@tinyurl.com,Genderqueer,54868-5446
155,Abrahan,Pheazey,apheazey4a@1und1.de,Male,49288-0303
156,Cynde,Abramovitz,cabramovitz4b@last.fm,Female,43598-341
157,Hersch,Scothorn,hscothorn4c@google.com.au,Male,68151-4471
158,Jamil,Wastling,jwastling4d@eventbrite.com,Male,68788-9527
159,Michelle,Lestor,mlestor4e@dmoz.org,Female,0781-3289
160,Maurits,Lamb,mlamb4f@rakuten.co.jp,Male,68084-286
161,Corbie,Shemming,cshemming4g@homestead.com,Bigender,0179-8707
162,Fiona,Hussell,fhussell4h@paypal.com,Female,49035-850
163,Annalise,Tweedy,,Female,0591-3551
164,Rosaleen,Parnham,,Female,49999-985
165,Isadora,Sommerlie,,Female,20276-152
166,Kristien,Le Merchant,klemerchant4l@tmall.com,Female,43239-101
167,Vivianne,Mobley,vmobley4m@blogspot.com,Female,55648-107
168,Irvine,Mortel,imortel4n@meetup.com,Non-binary,54868-5915
169,Octavius,Dalgardno,odalgardno4o@scribd.com,Male,79596-098
170,Cara,Lempel,clempel4p@ezinearticles.com,Female,58930-024
171,Roma,Mulgrew,rmulgrew4q@accuweather.com,Male,55154-5864
172,Annabel,Yanez,ayanez4r@walmart.com,Female,49738-888
173,Ingunna,Shickle,ishickle4s@yellowpages.com,Female,16714-441
174,Grethel,Guilayn,gguilayn4t@51.la,Female,0904-6004
175,Sawyere,Quarton,squarton4u@behance.net,Male,54868-3399
176,Reinwald,Scraney,rscraney4v@cargocollective.com,Male,66582-312
177,Isa,Ellerey,iellerey4w@soundcloud.com,Female,64942-1186
178,Tate,Sutherley,tsutherley4x@bbb.org,Bigender,43419-004
179,Osmond,Fisby,ofisby4y@imgur.com,Male,0406-0127
180,Anabelle,Iowarch,aiowarch4z@trellian.com,Female,0378-0030
181,Asia,Wurz,awurz50@joomla.org,Female,63323-326
182,Suzann,Scrivin,sscrivin51@sphinn.com,Agender,49349-164
183,Auberon,Torri,atorri52@admin.ch,Polygender,49349-856
184,Fitz,Penrice,fpenrice53@yandex.ru,Male,51138-098
185,Lou,Skeech,lskeech54@wp.com,Male,0135-0510
186,Anthe,Izsak,aizsak55@nsw.gov.au,Female,59779-723
187,Stormi,Rounds,srounds56@e-recht24.de,Female,16590-309
188,Horacio,Hedman,hhedman57@angelfire.com,Male,43063-308
189,Dick,Blenkensop,dblenkensop58@multiply.com,Male,68645-252
190,Philip,Gebbie,pgebbie59@rambler.ru,Male,51346-148
191,Alicia,Headings,aheadings5a@latimes.com,Bigender,0603-2433
192,Whit,Gier,wgier5b@businesswire.com,Male,21130-299
193,Thom,Cassel,tcassel5c@reference.com,Male,64809-101
194,Ingra,Risbridger,irisbridger5d@home.pl,Male,58118-0303
195,Jaime,Ormiston,jormiston5e@istockphoto.com,Female,54458-926
196,Mathe,Saffle,msaffle5f@bloglovin.com,Male,55648-725
197,Faustina,Mingard,fmingard5g@360.cn,Female,64613-5900
198,Lionello,Dixcee,,Male,60429-911
199,Brander,Mains,bmains5i@nhs.uk,Male,28595-570
200,Rubia,Halladay,rhalladay5j@plala.or.jp,Female,17089-233
201,Arther,Dyball,adyball5k@omniture.com,Male,0409-7925
202,Pascale,Perschke,pperschke5l@dyndns.org,Male,50268-756
203,Dalia,Schwandermann,,Female,0517-2340
204,Bliss,Urpeth,burpeth5n@toplist.cz,Female,36987-2388
205,Andres,Dottrell,adottrell5o@bandcamp.com,Male,66129-434
206,Freddy,Rosbotham,frosbotham5p@unblog.fr,Male,63323-471
207,Raff,Greatreax,rgreatreax5q@bluehost.com,Male,0527-0586
208,Kris,Philipson,kphilipson5r@quantcast.com,Male,0051-8488
209,Giorgio,Spall,gspall5s@booking.com,Male,51824-029
210,Fulton,Robez,frobez5t@theglobeandmail.com,Male,53489-332
211,Vivienne,Heitz,vheitz5u@house.gov,Female,0641-6000
212,Bryn,Heliot,bheliot5v@va.gov,Male,70253-233
213,Norrie,Cauldwell,ncauldwell5w@webeden.co.uk,Genderfluid,0093-2064
214,Mort,Clendening,mclendening5x@columbia.edu,Male,59535-1601
215,Christophorus,Fitchett,cfitchett5y@seattletimes.com,Male,49288-0464
216,Nerita,Ekins,nekins5z@wikia.com,Female,68084-753
217,Karie,Sikora,ksikora60@nationalgeographic.com,Female,14783-436
218,Wilone,Bonniface,,Bigender,0904-5959
219,Oberon,Fealty,ofealty62@privacy.gov.au,Male,68693-011
220,Brockie,Ashall,bashall63@huffingtonpost.com,Male,55143-101
221,Kimbra,Hammerberger,khammerberger64@nps.gov,Female,68828-061
222,Hakeem,Lambarth,hlambarth65@acquirethisname.com,Male,50544-005
223,Moore,Cannon,mcannon66@lycos.com,Male,49035-992
224,Kalila,Staterfield,kstaterfield67@answers.com,Female,67457-438
225,Buddie,Jakovijevic,bjakovijevic68@ft.com,Male,10096-0180
226,Genvieve,Legat,glegat69@bigcartel.com,Female,68308-020
227,Erick,Showell,,Male,50436-3030
228,Willa,Larder,wlarder6b@salon.com,Female,69036-120
229,Tasia,Dreigher,tdreigher6c@baidu.com,Female,0039-0052
230,Cyndy,Delacour,cdelacour6d@angelfire.com,Female,57955-5005
231,Melisa,Gourdon,mgourdon6e@wired.com,Female,0555-9014
232,Geneva,McMyler,gmcmyler6f@loc.gov,Female,16571-431
233,Sharia,Stolworthy,sstolworthy6g@ted.com,Female,49527-709
234,Edy,Rawstron,erawstron6h@state.gov,Female,49349-697
235,Udall,Maddigan,umaddigan6i@netlog.com,Male,59351-0327
236,Reamonn,Brik,rbrik6j@is.gd,Male,55154-0626
237,Abran,Espino,aespino6k@nih.gov,Male,0781-5051
238,Eirena,Dowtry,edowtry6l@ning.com,Female,54569-2411
239,Conant,Wreford,cwreford6m@networkadvertising.org,Male,0713-0639
240,Paten,Gosden,pgosden6n@sciencedirect.com,Male,21695-814
241,Garreth,Feechum,gfeechum6o@eventbrite.com,Male,59779-866
242,Netta,Ferrero,nferrero6p@dell.com,Female,24571-111
243,Nollie,Hadwin,,Male,57520-0049
244,Carroll,Blockey,,Male,36987-2929
245,Homer,Darkins,hdarkins6s@ox.ac.uk,Male,59779-606
246,Wood,Bunclark,wbunclark6t@tinypic.com,Male,59427-110
247,Danie,Bree,dbree6u@topsy.com,Male,66993-408
248,Magdalen,Blakelock,mblakelock6v@addthis.com,Female,15304-4681
249,Krishnah,Osment,,Male,51673-001
250,Jacob,Redman,jredman6x@cornell.edu,Male,68828-169
251,Krissy,Yuryaev,kyuryaev6y@ebay.com,Female,21130-423
252,Ambrosio,Drivers,adrivers6z@about.com,Genderfluid,49348-833
253,Quillan,Spelsbury,qspelsbury70@skyrock.com,Male,65113-2372
254,Peri,Pietruschka,,Female,61715-112
255,Yul,Rickerd,yrickerd72@topsy.com,Male,36987-1093
256,Marnia,McGowan,mmcgowan73@jiathis.com,Female,62175-490
257,Rosabella,Slane,rslane74@prweb.com,Female,21130-106
258,Stanwood,Legonidec,slegonidec75@intel.com,Male,54340-178
259,Bear,Askam,baskam76@webeden.co.uk,Male,64376-138
260,Olive,Walduck,owalduck77@elpais.com,Female,52125-224
261,Tiffy,Domingues,tdomingues78@hatena.ne.jp,Female,55566-8403
262,Bord,Bencher,bbencher79@deviantart.com,Male,36800-843
263,Daphne,McGillicuddy,dmcgillicuddy7a@smugmug.com,Female,63323-483
264,Mackenzie,Bertelmot,mbertelmot7b@umich.edu,Genderqueer,61924-208
265,Nataline,Lewton,nlewton7c@angelfire.com,Genderqueer,0781-5051
266,Nerta,Looby,,Female,36987-1486
267,Anabella,Boddington,,Female,0074-2279
268,Yvette,Labden,ylabden7f@tripadvisor.com,Female,49349-158
269,Benjamen,Wilcox,,Male,60429-354
270,Ruperto,Everwin,reverwin7h@huffingtonpost.com,Bigender,55154-5364
271,Carlin,Gasticke,cgasticke7i@bizjournals.com,Female,54868-4741
272,Benedetta,Piechnik,bpiechnik7j@purevolume.com,Female,53808-0280
273,Elisabeth,Throughton,ethroughton7k@nytimes.com,Non-binary,43063-366
274,Jarrid,Flieg,jflieg7l@miitbeian.gov.cn,Male,66993-409
275,Allayne,Janosevic,ajanosevic7m@edublogs.org,Male,64679-209
276,Annaliese,Miskelly,amiskelly7n@time.com,Female,68479-110
277,Kelbee,Varnam,kvarnam7o@over-blog.com,Bigender,0168-0055
278,Aubrey,Klaff,aklaff7p@columbia.edu,Male,37808-498
279,Doro,Olivet,dolivet7q@twitter.com,Female,36987-2341
280,Dinnie,Gayter,dgayter7r@sciencedaily.com,Female,66949-880
281,Alasteir,Asplen,aasplen7s@weibo.com,Male,47682-102
282,Court,Greatbanks,cgreatbanks7t@scientificamerican.com,Male,67618-150
283,Sergei,Searby,ssearby7u@nbcnews.com,Genderqueer,68462-190
284,Gavra,Devas,gdevas7v@pinterest.com,Female,16590-635
285,Maddie,Adamsky,,Male,13668-080
286,Frederich,Marven,fmarven7x@hatena.ne.jp,Male,76167-003
287,Gwenny,Fines,gfines7y@cornell.edu,Female,36987-3321
288,Terri,Rosingdall,trosingdall7z@house.gov,Female,54868-5576
289,Fowler,Gethin,fgethin80@myspace.com,Male,57627-126
290,Monica,Pelzer,mpelzer81@yellowbook.com,Non-binary,64942-1192
291,Diarmid,Hartburn,dhartburn82@nasa.gov,Male,0264-7389
292,Barny,Lusher,,Male,0363-0542
293,Izak,Morrad,imorrad84@apple.com,Male,64679-967
294,Rorie,Redferne,rredferne85@aol.com,Female,52686-335
295,Farra,Hasluck,,Female,22700-143
296,Kaine,Myall,kmyall87@barnesandnoble.com,Male,68788-9709
297,Ula,Kieff,ukieff88@prweb.com,Polygender,0884-2211
298,Sherri,Santoro,ssantoro89@joomla.org,Female,54868-6025
299,Glory,Ellsworthe,gellsworthe8a@mayoclinic.com,Bigender,55154-3255
300,Roby,Chasle,rchasle8b@ifeng.com,Female,59054-141
301,Gavra,Ragsdall,gragsdall8c@google.co.jp,Female,49884-027
302,Martino,Hinksen,mhinksen8d@themeforest.net,Male,64942-1289
303,Venus,Kelly,vkelly8e@a8.net,Female,0409-7793
304,Fonzie,Robeiro,frobeiro8f@arstechnica.com,Polygender,51660-204
305,Tyne,Shrimplin,tshrimplin8g@loc.gov,Agender,65044-1217
306,Nettie,Bramford,nbramford8h@edublogs.org,Female,66794-019
307,Emmalee,Whillock,ewhillock8i@hp.com,Non-binary,49999-817
308,Lexie,Sloper,lsloper8j@phoca.cz,Genderqueer,0363-0678
309,Christine,Baudain,cbaudain8k@clickbank.net,Female,64942-1191
310,Rosabelle,Janiak,rjaniak8l@dot.gov,Female,51346-076
311,Robena,Greenmon,rgreenmon8m@t.co,Female,51660-492
312,Reba,Markus,rmarkus8n@wix.com,Female,64764-304
313,Germana,Escalera,gescalera8o@ehow.com,Female,52305-200
314,Devonna,Scriven,,Female,0264-7578
315,Ailsun,Catton,acatton8q@rambler.ru,Female,0268-1364
316,Jonell,Grushin,jgrushin8r@friendfeed.com,Female,52584-277
317,Darell,Willder,dwillder8s@sphinn.com,Female,61727-051
318,Wit,Beards,wbeards8t@narod.ru,Male,59875-9001
319,Guenna,Eivers,geivers8u@51.la,Female,66966-0001
320,Zacherie,Pirri,zpirri8v@usatoday.com,Male,41520-416
321,Cirillo,Halgarth,chalgarth8w@pinterest.com,Male,50114-4041
322,Nolie,Redrup,nredrup8x@google.cn,Female,13630-0026
323,Andris,Muddiman,amuddiman8y@illinois.edu,Male,52544-733
324,Sybille,Honeyghan,shoneyghan8z@mail.ru,Female,0615-7776
325,Dirk,Revan,drevan90@cdbaby.com,Male,51769-666
326,Brunhilda,Wolseley,bwolseley91@wordpress.org,Female,59746-384
327,Hebert,Andreassen,handreassen92@ihg.com,Bigender,60429-907
328,Cyril,Ganniclifft,cganniclifft93@slideshare.net,Male,42507-552
329,Jayson,Vedekhin,jvedekhin94@ehow.com,Male,51060-010
330,Kendrick,Lamprecht,,Male,63629-3291
331,Niles,Tatnell,ntatnell96@example.com,Male,67296-0543
332,Anya,Lessmare,alessmare97@com.com,Female,0440-1243
333,Mannie,Keyhoe,mkeyhoe98@taobao.com,Male,43547-263
334,Marylynne,Pomfrett,mpomfrett99@bloomberg.com,Female,58575-130
335,Judith,Jacobson,jjacobson9a@fotki.com,Female,11559-720
336,Dacie,Maciejak,dmaciejak9b@nytimes.com,Female,75857-1102
337,Arley,Matczak,amatczak9c@blogspot.com,Male,65293-007
338,Elston,Newlyn,enewlyn9d@wordpress.com,Male,57520-0064
339,Nananne,Deaville,,Female,59762-0170
340,Mariska,Beggi,mbeggi9f@ow.ly,Bigender,51143-311
341,Sherrie,Terney,sterney9g@blogs.com,Female,43419-354
342,Cullan,Lethebridge,clethebridge9h@ox.ac.uk,Male,68196-476
343,Pepillo,Holworth,,Male,51079-873
344,Dov,Tollerfield,dtollerfield9j@trellian.com,Male,0641-6001
345,Shane,Bake,sbake9k@clickbank.net,Male,66993-935
346,Orsa,Paunsford,opaunsford9l@wordpress.org,Female,59630-911
347,Fern,Lared,flared9m@nbcnews.com,Female,50730-1004
348,Sarge,Stannis,sstannis9n@twitter.com,Male,35356-623
349,Avrit,Treske,atreske9o@scientificamerican.com,Bigender,10158-985
350,Jacinthe,Alford,jalford9p@mit.edu,Female,59667-0091
351,Chrissie,Trood,ctrood9q@ow.ly,Polygender,43406-0127
352,Dona,Sawer,,Female,0615-1358
353,Kathlin,Baltzar,kbaltzar9s@trellian.com,Female,0268-0053
354,Hakeem,Thornborrow,hthornborrow9t@jigsy.com,Male,54868-5691
355,Noe,Shooter,nshooter9u@who.int,Male,36987-1855
356,Alfredo,Lehrmann,alehrmann9v@irs.gov,Male,0006-3916
357,Allis,Srutton,asrutton9w@nba.com,Female,49349-081
358,Camel,Milsap,cmilsap9x@g.co,Genderqueer,0378-4597
359,Arliene,D'Antoni,adantoni9y@zimbio.com,Female,55312-942
360,Ursala,Warre,uwarre9z@apple.com,Bigender,49349-110
361,Frank,Labbez,flabbeza0@google.fr,Male,63629-4664
362,Marielle,Dalton,mdaltona1@narod.ru,Female,20276-814
363,Florie,Bills,fbillsa2@amazon.de,Female,36987-2213
364,Kennith,Poller,kpollera3@reddit.com,Male,42858-803
365,Rene,Janecki,rjaneckia4@mail.ru,Male,53346-1366
366,Jerrome,Redpath,,Male,14783-241
367,Clovis,Westmarland,cwestmarlanda6@yelp.com,Female,57469-001
368,Allene,Spinley,aspinleya7@flickr.com,Female,52584-085
369,Danita,Stairs,dstairsa8@state.tx.us,Female,10885-002
370,Culley,Byford,cbyforda9@chicagotribune.com,Agender,50804-376
371,Harper,Meneghi,hmeneghiaa@mail.ru,Male,43376-250
372,Cordie,MacDearmaid,cmacdearmaidab@friendfeed.com,Male,0456-2617
373,Riannon,Pettet,rpettetac@dell.com,Female,42388-012
374,Charil,Adolfsen,,Polygender,59726-230
375,Rawley,Tuckwood,rtuckwoodae@php.net,Male,63629-5216
376,Delly,Trevena,dtrevenaaf@patch.com,Female,21749-540
377,Cullen,Seamon,,Male,63187-110
378,Dorothee,Monks,dmonksah@hp.com,Female,0904-6232
379,Jordan,Crier,jcrierai@plala.or.jp,Female,58411-202
380,Clemente,Hens,chensaj@ca.gov,Male,49884-196
381,Merralee,Leason,mleasonak@symantec.com,Female,68180-124
382,Kitti,Kun,kkunal@noaa.gov,Female,36987-3215
383,Kellen,Grimble,kgrimbleam@scientificamerican.com,Male,66184-440
384,Shayla,Treagust,streagustan@umich.edu,Female,21130-724
385,Claudell,Spawell,cspawellao@surveymonkey.com,Male,64616-048
386,Osmond,Melsom,omelsomap@furl.net,Male,60505-2875
387,Shanta,Lambol,slambolaq@cornell.edu,Female,36987-3353
388,Pamella,Maidens,pmaidensar@hc360.com,Female,60505-0235
389,Ortensia,Garlette,ogarletteas@kickstarter.com,Female,47993-200
390,Rebecca,Please,rpleaseat@photobucket.com,Female,35356-936
391,Lin,Casassa,lcasassaau@discovery.com,Male,10812-875
392,Cristiano,Tummasutti,ctummasuttiav@nsw.gov.au,Male,10056-135
393,Aime,Simoneschi,,Female,63629-2759
394,Frants,Friedank,ffriedankax@house.gov,Male,0378-0552
395,Kissie,Jakoubek,,Female,49349-890
396,Kizzee,Davidovicz,kdavidoviczaz@nymag.com,Female,42023-105
397,Nicol,Sore,,Male,41190-318
398,Tobe,Eastop,,Female,54622-697
399,Rockey,Setford,rsetfordb2@shutterfly.com,Male,52125-322
400,Hailee,Rampley,hrampleyb3@ocn.ne.jp,Bigender,52000-006
401,Kevyn,Kinnach,kkinnachb4@home.pl,Female,51346-009
402,Hildagard,Woodings,hwoodingsb5@bandcamp.com,Female,64205-655
403,Elliott,Kubach,ekubachb6@businessinsider.com,Male,53448-0001
404,Raimund,Ibbeson,ribbesonb7@addthis.com,Male,0781-5915
405,Hillier,Woodbridge,hwoodbridgeb8@1688.com,Male,67668-162
406,Amabel,Nickerson,anickersonb9@elpais.com,Female,0395-0527
407,Stanfield,Stopforth,sstopforthba@netvibes.com,Male,68745-2033
408,Craggie,Duffree,cduffreebb@posterous.com,Male,50988-285
409,Asher,Froment,,Male,36987-3322
410,Mac,Deeson,mdeesonbd@so-net.ne.jp,Male,68196-702
411,Myles,Yurin,myurinbe@virginia.edu,Male,0378-3857
412,Ebeneser,Chicken,,Male,0268-0802
413,Nadiya,Dimitresco,ndimitrescobg@blogger.com,Female,36800-141
414,Isidoro,Broseke,ibrosekebh@geocities.jp,Male,0093-7394
415,Kippie,Balmann,kbalmannbi@tuttocitta.it,Non-binary,30142-704
416,Radcliffe,Francomb,,Male,21695-960
417,Karilynn,Sturgis,ksturgisbk@feedburner.com,Female,68016-142
418,Kyle,MacElroy,kmacelroybl@google.ru,Male,54868-6150
419,Karim,Beldon,kbeldonbm@umn.edu,Male,10893-620
420,Nahum,Badland,nbadlandbn@simplemachines.org,Male,54868-4718
421,Carroll,Francescoccio,cfrancescocciobo@slashdot.org,Male,59779-856
422,Patrizio,Ibbett,pibbettbp@usda.gov,Male,66336-555
423,Ilene,Danhel,idanhelbq@zimbio.com,Female,41250-927
424,Abbot,Brind,abrindbr@t.co,Male,43857-0003
425,Sol,Rahill,srahillbs@mayoclinic.com,Male,65044-5058
426,Lavena,Vellacott,lvellacottbt@xrea.com,Female,13734-128
427,Onfre,Sporle,osporlebu@com.com,Male,55648-924
428,Avery,Launchbury,alaunchburybv@senate.gov,Male,60429-294
429,Marijo,Norwich,mnorwichbw@usgs.gov,Female,59262-273
430,Derk,Vittel,dvittelbx@statcounter.com,Genderfluid,64117-987
431,Sheelagh,Gietz,,Female,0378-5615
432,Reinhold,Lurriman,rlurrimanbz@pbs.org,Male,59779-103
433,Arabele,McVane,amcvanec0@cnet.com,Non-binary,55154-4762
434,Annnora,Cosans,acosansc1@myspace.com,Female,75854-301
435,Cece,Straker,cstrakerc2@naver.com,Male,50021-065
436,Darryl,MacCarrick,dmaccarrickc3@digg.com,Male,51672-4108
437,Kevyn,Knapton,kknaptonc4@fotki.com,Female,13537-273
438,Althea,Fitkin,afitkinc5@people.com.cn,Female,68016-760
439,Stanislaw,Dagwell,sdagwellc6@go.com,Male,14783-268
440,Way,Kenton,wkentonc7@cloudflare.com,Male,43353-830
441,Scotti,Espino,sespinoc8@census.gov,Male,64141-113
442,Isacco,Zanicchi,izanicchic9@live.com,Male,42192-124
443,Harli,Godin,,Female,0268-6538
444,Tammy,Fassum,tfassumcb@twitter.com,Male,64117-273
445,Valentino,Playford,vplayfordcc@va.gov,Male,13537-073
446,Shirlene,Sodo,ssodocd@accuweather.com,Female,57469-051
447,Emiline,Hawker,ehawkerce@eventbrite.com,Female,21695-943
448,Allix,Congram,acongramcf@marriott.com,Female,56062-712
449,Myrtice,Bodley,mbodleycg@edublogs.org,Female,16590-215
450,Amargo,Belchamber,abelchamberch@jimdo.com,Female,68025-041
451,Sidney,Soles,ssolesci@kickstarter.com,Male,59726-100
452,Aldis,Augustin,aaugustincj@state.tx.us,Male,11523-0444
453,Rey,Chesnut,rchesnutck@nyu.edu,Male,68703-056
454,Orren,Server,,Male,63739-469
455,Ysabel,Radeliffe,yradeliffecm@google.it,Female,64942-1153
456,Nicola,Shepley,nshepleycn@oracle.com,Male,53346-1323
457,Glynis,McCloughlin,gmccloughlinco@unesco.org,Female,0440-7380
458,Elisabetta,Depper,edeppercp@blogtalkradio.com,Female,0143-9916
459,Conant,Hanvey,chanveycq@disqus.com,Male,53808-0277
460,Anna,Michiel,amichielcr@sakura.ne.jp,Bigender,51079-667
461,Doe,Blizard,dblizardcs@disqus.com,Genderfluid,0115-4433
462,Liesa,Arcase,larcasect@tinyurl.com,Female,76296-008
463,Arvin,Wignall,awignallcu@about.me,Male,37012-100
464,Josias,Rolfs,jrolfscv@blogs.com,Male,61957-1000
465,Tana,Snaddon,tsnaddoncw@bbb.org,Genderfluid,41520-475
466,Neda,Pallent,npallentcx@homestead.com,Female,21695-078
467,Sibylle,Keepence,skeepencecy@hugedomains.com,Female,59779-291
468,Dukie,Lydon,dlydoncz@gov.uk,Male,37205-199
469,Merola,Rance,mranced0@macromedia.com,Female,51808-119
470,Hillel,Lunnon,hlunnond1@who.int,Male,0268-1439
471,Brander,Bulleyn,bbulleynd2@ask.com,Male,55150-114
472,Halli,Klulicek,hklulicekd3@goo.gl,Female,0404-3416
473,Ranice,Bentham,rbenthamd4@nationalgeographic.com,Female,49288-0480
474,Tisha,Tregonna,ttregonnad5@bing.com,Female,11584-0030
475,Kerrill,Cabane,kcabaned6@amazon.co.uk,Female,21695-819
476,Orazio,Hawksley,ohawksleyd7@whitehouse.gov,Male,68308-220
477,Hedvige,Grissett,hgrissettd8@xrea.com,Female,42248-118
478,Meghann,Andriesse,,Female,54868-5413
479,Ronica,O' Gara,rogarada@hp.com,Female,53499-0094
480,Pooh,Gelsthorpe,pgelsthorpedb@com.com,Bigender,45963-743
481,Germaine,McKerley,gmckerleydc@1und1.de,Male,55670-711
482,Kamillah,Guilayn,,Female,53208-545
483,Erl,Martensen,emartensende@sciencedaily.com,Male,59321-055
484,Kareem,Sein,kseindf@upenn.edu,Male,60429-579
485,Ingrim,Mance,,Male,0093-0029
486,Eydie,McGrah,emcgrahdh@angelfire.com,Female,42926-163
487,Constantina,Dobbinson,cdobbinsondi@live.com,Female,41250-308
488,Tomas,Rushman,trushmandj@sourceforge.net,Male,69082-700
489,Theo,Yankin,,Male,55111-643
490,Stanly,Britner,sbritnerdl@epa.gov,Male,0032-1708
491,Karoly,Germaine,kgermainedm@examiner.com,Female,65044-3140
492,Vinson,Filintsev,vfilintsevdn@google.co.uk,Male,37000-277
493,Izabel,Duffill,iduffilldo@google.fr,Female,62273-003
494,Bat,Leavy,bleavydp@linkedin.com,Male,55319-072
495,Nissy,Elnaugh,nelnaughdq@usnews.com,Female,47593-387
496,Justin,Glanfield,jglanfielddr@jimdo.com,Male,50988-270
497,Dorthy,Beeswing,dbeeswingds@quantcast.com,Female,0615-5578
498,Barbabra,Hubberstey,bhubbersteydt@freewebs.com,Female,43419-861
499,Edlin,Sponer,esponerdu@google.co.uk,Male,0135-0572
500,Nick,Gonin,ngonindv@bizjournals.com,Genderfluid,68180-266
501,Ber,Brinklow,bbrinklowdw@deliciousdays.com,Agender,68462-159
502,Gar,Yewdall,gyewdalldx@imdb.com,Male,51460-1112
503,Lennie,Layus,llayusdy@telegraph.co.uk,Male,43742-0360
504,Collete,Greenacre,cgreenacredz@comcast.net,Female,48951-9144
505,Joelie,Stalman,jstalmane0@is.gd,Female,57955-5851
506,Elliott,Campe,ecampee1@shinystat.com,Male,59579-004
507,Sutherland,Vautier,svautiere2@ox.ac.uk,Male,0113-0321
508,Dulcinea,Somner,dsomnere3@tripadvisor.com,Bigender,37000-766
509,Elissa,Pierro,epierroe4@google.it,Female,0113-0345
510,Wyndham,Penkethman,wpenkethmane5@mysql.com,Male,58980-150
511,Marje,Hanny,mhannye6@nature.com,Genderqueer,13537-339
512,Gilli,Dawltrey,gdawltreye7@parallels.com,Female,47593-390
513,Shalne,Ramsay,sramsaye8@pbs.org,Female,46122-182
514,Paton,Tillett,ptillette9@google.co.jp,Male,42248-133
515,Elwood,De la Harpe,edelaharpeea@epa.gov,Male,36987-1366
516,Diarmid,Mitskevich,dmitskevicheb@ox.ac.uk,Genderqueer,36987-3142
517,Clim,Excell,cexcellec@freewebs.com,Male,68084-895
518,Theodora,Mattek,tmatteked@booking.com,Female,0615-5578
519,Garnet,Timothy,gtimothyee@statcounter.com,Female,0115-0511
520,Shamus,Sherrum,ssherrumef@usatoday.com,Male,0615-7629
521,Chelsea,Accombe,caccombeeg@gmpg.org,Female,58118-5060
522,Tilly,Baldinotti,tbaldinottieh@nps.gov,Female,49999-619
523,Annadiana,Krochmann,akrochmannei@wp.com,Female,64127-054
524,Dalt,McElane,dmcelaneej@mozilla.org,Male,0591-0810
525,Reba,Martugin,rmartuginek@hatena.ne.jp,Female,54230-356
526,Zaria,Cordeau,zcordeauel@g.co,Female,49999-791
527,Eric,Colquitt,,Male,0178-0615
528,Heath,Hedan,hhedanen@ow.ly,Female,0456-4300
529,Carolee,Budgen,cbudgeneo@blogspot.com,Female,13548-030
530,Archer,Lage,alageep@upenn.edu,Male,0517-5024
531,Jillayne,Filipovic,,Non-binary,0944-4201
532,Galvan,Gersam,ggersamer@meetup.com,Male,47335-747
533,Vincents,Doumerc,vdoumerces@reuters.com,Male,23359-017
534,Neils,Sutlieff,,Male,68400-207
535,Ola,Aherne,,Female,67457-266
536,Toddie,Gajownik,tgajownikev@slate.com,Male,67296-0599
537,Dick,Dehm,,Male,37205-617
538,Glenda,Malling,gmallingex@fastcompany.com,Female,57896-788
539,Debor,Powelee,dpoweleeey@alexa.com,Female,54973-3097
540,Jenelle,Chorley,jchorleyez@rakuten.co.jp,Female,60505-0210
541,Carney,Brien,cbrienf0@symantec.com,Male,49999-316
542,Nelson,Earley,nearleyf1@example.com,Male,30142-304
543,Nefen,Kless,nklessf2@cbc.ca,Male,45737-203
544,Austin,Mapholm,amapholmf3@bing.com,Male,60533-005
545,Stu,O'Curran,socurranf4@nps.gov,Genderfluid,55154-6129
546,Morty,Bateman,mbatemanf5@squidoo.com,Male,68084-577
547,Constantino,Roseburgh,croseburghf6@wisc.edu,Male,55301-519
548,Raphael,Beek,,Male,50988-293
549,Ronda,Baignard,rbaignardf8@cnbc.com,Female,33261-081
550,Agnes,Gooms,agoomsf9@myspace.com,Female,16590-049
551,Bale,Petroselli,bpetrosellifa@shop-pro.jp,Male,36800-343
552,Anthony,Seller,asellerfb@wiley.com,Male,11822-0013
553,Pennie,Skuse,pskusefc@japanpost.jp,Male,55154-5510
554,Son,Girkins,sgirkinsfd@ameblo.jp,Male,68220-084
555,Annelise,Trundle,atrundlefe@salon.com,Polygender,64536-4350
556,Alphonso,Kendrew,akendrewff@sphinn.com,Male,60905-0020
557,Calv,Gason,cgasonfg@cmu.edu,Agender,10812-956
558,Sibylla,Dumbleton,sdumbletonfh@deviantart.com,Female,33261-495
559,Else,Hicks,ehicksfi@tiny.cc,Female,0781-3152
560,Hillel,O'Glessane,hoglessanefj@apple.com,Male,75847-7001
561,Lois,Debold,ldeboldfk@soup.io,Female,67046-941
562,Carree,Dallosso,cdallossofl@flickr.com,Female,36800-668
563,Franny,Redrup,fredrupfm@spotify.com,Female,59535-7901
564,Reg,Destouche,rdestouchefn@narod.ru,Male,54569-2710
565,Kathrine,Bradmore,kbradmorefo@webeden.co.uk,Female,0363-0917
566,Charlot,Kolin,ckolinfp@nymag.com,Female,49349-655
567,Haroun,Jaine,hjainefq@blogspot.com,Male,0555-9050
568,Clement,Cocke,ccockefr@disqus.com,Male,49288-0624
569,Chariot,Weine,cweinefs@1688.com,Male,42002-441
570,Chery,O'Dare,codareft@cdbaby.com,Female,11822-0521
571,Jules,Sousa,jsousafu@redcross.org,Male,10096-0152
572,Jimmie,Ellissen,jellissenfv@digg.com,Bigender,11523-7219
573,Sonny,Pinckney,spinckneyfw@amazon.co.jp,Female,64578-0081
574,Helaina,Prickett,hprickettfx@rambler.ru,Female,58118-2013
575,Lyndy,Kenwood,lkenwoodfy@senate.gov,Female,76049-554
576,Vilma,Crassweller,vcrasswellerfz@springer.com,Female,49839-100
577,Amberly,Letch,aletchg0@github.io,Female,63777-165
578,Rowney,Iacomo,riacomog1@home.pl,Male,43063-387
579,Edyth,De Blase,edeblaseg2@google.it,Female,55316-081
580,Roxie,Le Jean,rlejeang3@mysql.com,Female,66336-486
581,Sibylla,Fawke,sfawkeg4@cnbc.com,Female,37000-090
582,Wang,Spencelayh,wspencelayhg5@imageshack.us,Male,36987-2706
583,Tammi,Dudek,tdudekg6@soup.io,Female,44911-0100
584,Paula,Wasielewicz,pwasielewiczg7@google.de,Female,66116-389
585,Phylis,MacDiarmid,pmacdiarmidg8@odnoklassniki.ru,Female,57240-2034
586,Lacy,Chapelle,,Female,55316-140
587,Querida,Kulis,qkulisga@elegantthemes.com,Non-binary,41163-973
588,Alonso,MacCague,amaccaguegb@google.cn,Male,0591-2790
589,Lukas,Northall,lnorthallgc@godaddy.com,Male,49349-352
590,Guilbert,Hiddersley,ghiddersleygd@fema.gov,Male,58414-3512
591,Roseline,O'Nions,ronionsge@hostgator.com,Female,68788-9085
592,Tye,Lille,tlillegf@techcrunch.com,Male,44523-602
593,Wilfrid,Crollman,wcrollmangg@ycombinator.com,Male,42507-113
594,Lauree,Call,lcallgh@sina.com.cn,Female,21130-784
595,Violet,Divell,vdivellgi@usgs.gov,Female,67938-0943
596,Tiphany,Viollet,tviolletgj@marriott.com,Female,0268-0893
597,Erny,Fibben,efibbengk@nifty.com,Male,68788-9411
598,Kort,Brotherhead,kbrotherheadgl@yolasite.com,Male,10819-6001
599,Frederico,Crossby,fcrossbygm@imageshack.us,Genderfluid,49035-198
600,Arnold,D'Ambrosio,adambrosiogn@artisteer.com,Male,10742-8129
601,Grady,Fardell,gfardellgo@amazon.co.uk,Male,68788-9737
602,Bridie,Vodden,bvoddengp@edublogs.org,Female,54868-2877
603,Marty,Holyard,mholyardgq@prnewswire.com,Male,62072-456
604,Justen,Durand,jdurandgr@amazon.de,Male,61787-442
605,Dimitry,Copplestone,dcopplestonegs@dedecms.com,Male,64117-992
606,Leigh,Hatherall,lhatherallgt@sogou.com,Male,68405-398
607,Glory,Lean,gleangu@engadget.com,Female,11822-0403
608,Cleavland,Frany,cfranygv@unicef.org,Male,0869-0551
609,Costanza,McIlwrath,cmcilwrathgw@geocities.com,Female,63286-0134
610,Holden,Bobasch,hbobaschgx@dedecms.com,Genderqueer,62584-142
611,Andra,Simla,asimlagy@printfriendly.com,Female,16590-076
612,Sutton,Droghan,sdroghangz@twitpic.com,Male,52810-703
613,Che,Parades,cparadesh0@webeden.co.uk,Male,0065-0800
614,Des,Bowring,dbowringh1@cbslocal.com,Male,13537-046
615,Holden,Guillon,,Male,49349-628
616,Lavinie,Gaddesby,lgaddesbyh3@deliciousdays.com,Female,48951-8180
617,Trenton,Starkings,tstarkingsh4@columbia.edu,Male,63010-011
618,Lettie,Pain,lpainh5@engadget.com,Genderfluid,50224-002
619,Chane,Mablestone,cmablestoneh6@barnesandnoble.com,Male,68788-9666
620,Ernestus,St Ledger,estledgerh7@reference.com,Male,0338-1049
621,Jenilee,Kristufek,jkristufekh8@tinyurl.com,Female,43611-006
622,Ward,MacCrosson,wmaccrossonh9@biblegateway.com,Male,55648-155
623,Kiel,Tuting,ktutingha@photobucket.com,Male,21695-612
624,Gerard,Waldram,gwaldramhb@europa.eu,Male,50845-0104
625,Diana,Moorman,dmoormanhc@printfriendly.com,Female,61995-2831
626,Amitie,Emberson,aembersonhd@jiathis.com,Female,0093-7153
627,Starlin,Atthow,satthowhe@vkontakte.ru,Female,60512-8020
628,Zolly,Maskew,zmaskewhf@kickstarter.com,Male,76354-016
629,Nickie,Jzhakov,njzhakovhg@cdc.gov,Male,13537-275
630,Mattias,Ellcome,mellcomehh@springer.com,Bigender,75847-6001
631,Minnaminnie,Goulden,mgouldenhi@4shared.com,Female,65841-668
632,Leonid,Kollach,lkollachhj@amazonaws.com,Male,10578-018
633,Jayson,Bantock,jbantockhk@list-manage.com,Male,41250-870
634,Kati,Schober,kschoberhl@dyndns.org,Female,54569-0793
635,Aubry,Espin,aespinhm@infoseek.co.jp,Female,37000-556
636,Reggi,McQuillin,rmcquillinhn@uol.com.br,Female,0574-0850
637,Lindon,Nineham,lninehamho@amazonaws.com,Male,51079-901
638,Pate,Bresson,pbressonhp@wunderground.com,Male,41190-931
639,Lissie,Jeannon,ljeannonhq@macromedia.com,Female,51079-813
640,Vyky,Lepick,vlepickhr@bigcartel.com,Female,36987-1410
641,Mord,Ancliff,mancliffhs@webs.com,Male,54569-1193
642,Tiff,Itzcovichch,titzcovichchht@google.nl,Genderfluid,61722-165
643,Des,Ralph,dralphhu@yellowbook.com,Male,61357-130
644,Angil,Birdwhistle,abirdwhistlehv@google.ru,Female,61722-182
645,Bram,Swendell,bswendellhw@studiopress.com,Male,33261-396
646,Tabitha,Sidon,tsidonhx@ca.gov,Female,55316-299
647,Nial,Ulyet,nulyethy@businessinsider.com,Male,64117-106
648,Amos,Rey,areyhz@ning.com,Bigender,37000-066
649,Isiahi,Lilley,ililleyi0@vimeo.com,Male,37012-408
650,Caddric,Sandaver,csandaveri1@whitehouse.gov,Male,0268-1165
651,Worthington,Adnet,wadneti2@gov.uk,Male,68016-018
652,Torry,Janaszkiewicz,,Male,57479-101
653,Jermaine,Coonan,jcoonani4@bluehost.com,Female,36987-1208
654,Ricky,Trays,rtraysi5@cnet.com,Female,10019-925
655,Yvor,Demead,ydemeadi6@theguardian.com,Male,63304-905
656,Ellene,Fortey,eforteyi7@dailymotion.com,Female,55526-0002
657,Joy,Andreuzzi,jandreuzzii8@fotki.com,Female,65585-373
658,Rainer,Klehyn,rklehyni9@imdb.com,Male,75936-123
659,Valida,Aseef,vaseefia@nba.com,Female,41163-463
660,Dorri,Westfalen,dwestfalenib@cam.ac.uk,Female,63323-915
661,Fan,Shakespeare,fshakespeareic@imgur.com,Female,0074-3025
662,Olav,Dacks,odacksid@foxnews.com,Male,54340-682
663,Brandon,Gianni,bgianniie@fc2.com,Male,43857-0122
664,Geordie,Spoors,gspoorsif@mayoclinic.com,Male,64141-112
665,Gustave,Fassum,gfassumig@slideshare.net,Male,55289-419
666,Lizzie,Roman,lromanih@uol.com.br,Genderqueer,10019-360
667,Kim,Rumming,krummingii@netscape.com,Male,53329-304
668,Adeline,Dosdill,adosdillij@census.gov,Female,54868-2221
669,Smitty,Kloska,skloskaik@indiegogo.com,Male,49348-757
670,Paulina,Heynel,pheynelil@free.fr,Female,76437-609
671,Calhoun,Whelband,cwhelbandim@newyorker.com,Male,55301-615
672,Delinda,Kochs,dkochsin@indiegogo.com,Female,43353-840
673,Gustaf,Adkin,,Male,36987-1758
674,Esma,Benjamin,ebenjaminip@mac.com,Female,49349-157
675,Angelique,Tomsu,atomsuiq@adobe.com,Female,52533-071
676,Helen,Oager,hoagerir@globo.com,Female,68151-2506
677,Brok,Windrus,bwindrusis@mozilla.org,Male,0615-7591
678,Merle,Durban,mdurbanit@tuttocitta.it,Male,35356-473
679,Ashlee,Hurtado,ahurtadoiu@theguardian.com,Female,68196-519
680,Tommie,Skewis,tskewisiv@1und1.de,Female,54973-3111
681,Roxana,Threadgall,rthreadgalliw@answers.com,Female,41520-098
682,Erinn,Stoggles,estogglesix@photobucket.com,Female,52410-4110
683,Mattie,Castenda,mcastendaiy@sphinn.com,Male,0093-4742
684,Joyce,Avramovsky,javramovskyiz@flickr.com,Female,10157-9800
685,Lance,Godsil,lgodsilj0@dot.gov,Male,63323-648
686,Robbin,Degoey,,Female,52125-126
687,Dell,Dodding,ddoddingj2@apple.com,Female,59762-0040
688,Marylinda,Argente,margentej3@miitbeian.gov.cn,Female,64092-105
689,Gustav,Lown,glownj4@google.cn,Male,55111-643
690,Aldin,Camelin,,Male,34362-0235
691,Willard,McCarter,wmccarterj6@furl.net,Male,54569-5584
692,Mavis,Bramham,mbramhamj7@independent.co.uk,Female,49663-002
693,Meier,Szimon,mszimonj8@imdb.com,Male,68220-022
694,Ottilie,Guillart,oguillartj9@infoseek.co.jp,Female,63459-700
695,Vincents,Abramamov,vabramamovja@msn.com,Male,0078-0489
696,Jone,Treves,jtrevesjb@surveymonkey.com,Male,0069-0550
697,Lilllie,Coger,lcogerjc@illinois.edu,Female,35356-746
698,Thorin,Jone,,Male,52125-882
699,Poul,Norley,pnorleyje@digg.com,Male,52125-504
700,Dulcea,Goodlet,,Female,50436-4694
701,Ardine,Dennison,adennisonjg@tmall.com,Female,52125-394
702,Flori,Behnecke,fbehneckejh@globo.com,Female,63739-284
703,Wendeline,Djuricic,wdjuricicji@ebay.co.uk,Female,63187-066
704,Thadeus,Nacci,tnaccijj@360.cn,Male,49349-207
705,Glenine,McVane,gmcvanejk@xrea.com,Female,68105-004
706,Ryley,Horley,rhorleyjl@tamu.edu,Male,54416-001
707,Flss,Scotney,fscotneyjm@engadget.com,Female,41520-413
708,Dawn,Pratt,dprattjn@mysql.com,Female,33261-163
709,Carrie,Mowbray,cmowbrayjo@mozilla.com,Female,30142-400
710,Adriane,Lengthorn,alengthornjp@technorati.com,Female,22700-154
711,Corey,Ortega,cortegajq@unc.edu,Male,49349-675
712,Bel,Dregan,bdreganjr@naver.com,Female,54868-6309
713,Katusha,McNaught,kmcnaughtjs@nydailynews.com,Genderqueer,0031-8734
714,Garth,Caffery,,Male,50181-0017
715,Louisa,MacCart,lmaccartju@latimes.com,Female,43128-118
716,Sheilah,Cavolini,,Female,0054-0108
717,Shana,Aleso,salesojw@amazon.com,Genderfluid,43063-050
718,Trish,Tupper,ttupperjx@google.co.jp,Genderqueer,36987-2756
719,Cathryn,McCathy,cmccathyjy@pagesperso-orange.fr,Female,0187-1619
720,Rhea,Ledgerton,rledgertonjz@chron.com,Female,10451-002
721,Sonny,Kegley,skegleyk0@msn.com,Female,11523-7289
722,Juliet,Pendlington,jpendlingtonk1@geocities.jp,Female,59730-4202
723,Noby,Clue,ncluek2@altervista.org,Male,51191-2015
724,Cherianne,Hellings,chellingsk3@google.de,Bigender,53807-216
725,Brandtr,Phythien,bphythienk4@bloglines.com,Male,0113-0484
726,Ax,Shuxsmith,ashuxsmithk5@amazon.co.uk,Male,48951-8238
727,Vivianne,Hrihorovich,vhrihorovichk6@networksolutions.com,Female,55154-5071
728,Alberta,Howick,ahowickk7@sohu.com,Female,35356-162
729,Dannye,Benninger,dbenningerk8@phoca.cz,Female,36000-010
730,Orland,Dofty,odoftyk9@surveymonkey.com,Male,76058-106
731,Bambi,Batchley,,Female,0603-5167
732,Mildred,Farnin,mfarninkb@ft.com,Female,43063-532
733,Ramonda,Boomes,rboomeskc@google.com.au,Female,64720-138
734,Emilie,Klainer,eklainerkd@earthlink.net,Female,43913-405
735,Crystal,Napolitano,,Female,54868-6279
736,Consalve,Osorio,cosoriokf@walmart.com,Male,0135-0225
737,Jasen,Benyon,jbenyonkg@businessinsider.com,Male,63323-614
738,Anderea,Adamolli,aadamollikh@economist.com,Female,42023-106
739,West,McCormack,wmccormackki@irs.gov,Male,53499-0098
740,Graeme,Spancock,gspancockkj@miibeian.gov.cn,Male,24385-070
741,Godiva,Delos,gdeloskk@alibaba.com,Female,62175-152
742,Jefferson,Dudden,jduddenkl@ebay.com,Male,76458-201
743,Jacinta,Hestrop,jhestropkm@spiegel.de,Female,43269-840
744,Shawn,Coll,scollkn@sourceforge.net,Female,46994-368
745,Lorrayne,Pyecroft,lpyecroftko@infoseek.co.jp,Female,0135-0462
746,Rick,Ailward,railwardkp@utexas.edu,Male,43063-364
747,Federica,Charnock,fcharnockkq@livejournal.com,Female,49738-578
748,Almeta,Jickles,ajickleskr@google.com.br,Female,53746-542
749,Sharlene,Kleynen,skleynenks@photobucket.com,Female,66141-640
750,Jefferson,Gallop,jgallopkt@nhs.uk,Male,42627-204
751,Emmery,Carrett,ecarrettku@merriam-webster.com,Male,0363-0196
752,Rudyard,Delort,rdelortkv@blogs.com,Male,68026-341
753,Vally,Ricardot,,Genderfluid,62756-826
754,Whitaker,Dumelow,wdumelowkx@dell.com,Male,53208-424
755,Eirena,McShirie,emcshirieky@adobe.com,Female,16110-259
756,Prudi,Aubert,paubertkz@redcross.org,Female,52544-957
757,Fitz,Lace,flacel0@pcworld.com,Male,47219-102
758,Rickert,Leither,rleitherl1@quantcast.com,Male,42254-287
759,Darelle,Twort,dtwortl2@sina.com.cn,Female,36987-2606
760,Agretha,Yekel,ayekell3@123-reg.co.uk,Female,50332-0106
761,Mureil,Isitt,misittl4@blogspot.com,Female,51079-410
762,Early,Poundsford,,Male,0406-0367
763,Conrad,Crees,ccreesl6@businesswire.com,Male,60512-0015
764,Dolli,Radmer,dradmerl7@angelfire.com,Female,0131-2480
765,Libbey,Gurton,lgurtonl8@deliciousdays.com,Female,34690-8001
766,Thaxter,Sousa,tsousal9@cnet.com,Male,65862-656
767,Page,Plevin,pplevinla@ihg.com,Male,61727-301
768,Eloise,Ipgrave,eipgravelb@networksolutions.com,Female,64175-991
769,Barb,Luckey,bluckeylc@uol.com.br,Female,44911-0054
770,Marsiella,Filkin,,Female,42549-512
771,Kandy,Bodesson,kbodessonle@canalblog.com,Female,24338-200
772,Lauralee,Ethersey,letherseylf@japanpost.jp,Female,68788-9790
773,Mommy,Cardero,mcarderolg@theguardian.com,Agender,52343-062
774,Rosaline,Frowde,rfrowdelh@stumbleupon.com,Genderqueer,60724-101
775,Freddie,Farrin,ffarrinli@woothemes.com,Male,13107-059
776,Laetitia,Bentzen,lbentzenlj@businessweek.com,Female,55154-5372
777,Tersina,Simak,tsimaklk@dion.ne.jp,Female,62750-031
778,Mill,Tenaunt,,Male,47682-409
779,Margaret,Dalman,mdalmanlm@businesswire.com,Female,43479-105
780,See,Beller,sbellerln@theguardian.com,Male,50988-283
781,Vallie,Browett,vbrowettlo@deviantart.com,Female,0641-6117
782,Ebeneser,Pippard,,Male,49348-883
783,Lind,Draaisma,ldraaismalq@bloglovin.com,Male,63739-448
784,Joshia,Ellwell,jellwelllr@wsj.com,Male,50965-123
785,Bertha,Ruppele,,Female,61715-038
786,Isacco,Sacker,isackerlt@desdev.cn,Male,49981-014
787,Andrea,Ghilardi,aghilardilu@java.com,Female,11822-0578
788,Frazer,Keyse,fkeyselv@webnode.com,Male,37012-604
789,Barri,Balfour,bbalfourlw@addthis.com,Male,54868-4617
790,Nadya,Perot,nperotlx@virginia.edu,Female,53208-374
791,Allys,Sushams,asushamsly@istockphoto.com,Female,17518-011
792,Marijn,Gaither,mgaitherlz@sakura.ne.jp,Male,51389-114
793,Hanan,Ghilardi,hghilardim0@go.com,Male,48951-7039
794,Jerome,Baumert,jbaumertm1@tripadvisor.com,Male,42858-802
795,Gabriele,Salsberg,gsalsbergm2@list-manage.com,Male,76119-1211
796,Gilligan,Hardes,ghardesm3@hexun.com,Female,50268-292
797,Danie,Ludlow,dludlowm4@comcast.net,Male,36800-720
798,Darleen,Brucker,dbruckerm5@hexun.com,Female,55910-499
799,Carrie,Berr,cberrm6@google.com,Female,0573-0179
800,Tobe,Paoletto,,Male,43596-0001
801,Sonni,Cotilard,scotilardm8@geocities.com,Female,64942-1087
802,Olvan,Kift,okiftm9@google.fr,Male,54458-885
803,Gun,Desorts,gdesortsma@vk.com,Bigender,42346-300
804,Charil,Lawtey,,Bigender,68387-106
805,Torrence,Scarisbrick,,Male,0597-0191
806,Edward,O'Farrell,eofarrellmd@china.com.cn,Male,0023-2181
807,Carlee,Gimenez,cgimenezme@ihg.com,Female,63629-4096
808,Di,Jiracek,djiracekmf@columbia.edu,Female,42908-072
809,Viv,Duddy,,Female,0093-8035
810,Jolie,Ashleigh,jashleighmh@google.com.au,Female,54868-5768
811,Philis,Shallo,pshallomi@1und1.de,Female,52125-668
812,Alisander,Ivanchikov,aivanchikovmj@devhub.com,Male,0054-0085
813,Evangelina,Wittey,ewitteymk@abc.net.au,Female,41250-917
814,Suzanna,Cleaton,scleatonml@rediff.com,Female,43063-060
815,Lucio,Micka,lmickamm@census.gov,Male,10147-0903
816,Merrill,Demko,mdemkomn@liveinternet.ru,Male,0031-8741
817,Torey,Smellie,tsmelliemo@wired.com,Male,41167-4232
818,Bev,Aharoni,baharonimp@phpbb.com,Agender,13537-401
819,Roxane,Grey,rgreymq@shutterfly.com,Female,50436-3800
820,Orelle,Bondesen,obondesenmr@technorati.com,Female,43063-443
821,Elora,Lannin,elanninms@360.cn,Female,68745-2026
822,Ryon,Parcall,rparcallmt@google.fr,Male,61715-068
823,Stefan,Zuan,szuanmu@icio.us,Male,54868-2298
824,Petr,Chilcott,pchilcottmv@princeton.edu,Genderqueer,51079-205
825,Orsa,MacHostie,omachostiemw@ucsd.edu,Female,67345-0789
826,Lizette,Gisbey,lgisbeymx@google.co.jp,Female,57896-199
827,Lorry,Gomersall,,Male,75862-020
828,Stace,Temlett,stemlettmz@g.co,Female,0615-3574
829,Elvin,Zanelli,ezanellin0@economist.com,Agender,11819-323
830,Delmar,Williment,,Male,0924-0074
831,Mayne,Whightman,mwhightmann2@prnewswire.com,Male,55910-456
832,Royall,Selborne,rselbornen3@t-online.de,Male,49643-409
833,Felicio,Cantle,fcantlen4@boston.com,Male,68788-9557
834,Myra,McGarrity,mmcgarrityn5@shinystat.com,Genderqueer,58118-0212
835,Pepita,Bryden,pbrydenn6@sina.com.cn,Female,49349-710
836,Hiram,Krink,hkrinkn7@sciencedaily.com,Male,37808-428
837,Issi,Durand,idurandn8@i2i.jp,Female,68382-138
838,Willis,Farraway,wfarrawayn9@jugem.jp,Male,0430-0472
839,Giralda,Jekyll,gjekyllna@xinhuanet.com,Female,54868-5951
840,Rossie,Skeete,,Male,49348-709
841,Hanson,Gummory,hgummorync@xing.com,Male,0406-9923
842,Lindy,Bracco,lbraccond@miitbeian.gov.cn,Male,57664-399
843,Charmion,Alelsandrowicz,calelsandrowiczne@1688.com,Female,51500-001
844,Vonny,Catt,vcattnf@china.com.cn,Female,54868-0029
845,Faythe,Ben,,Female,0904-5047
846,Delcine,Moretto,dmorettonh@meetup.com,Female,30142-167
847,Emile,Honeywood,ehoneywoodni@cnbc.com,Male,0078-0315
848,Steven,Salmen,ssalmennj@disqus.com,Bigender,11559-010
849,Garvin,Hellikes,ghellikesnk@123-reg.co.uk,Male,15127-958
850,Ruben,Steers,rsteersnl@howstuffworks.com,Male,64679-670
851,Auberta,Wisam,awisamnm@wikimedia.org,Female,58414-3047
852,Gillian,Schieferstein,gschiefersteinnn@bing.com,Female,64117-178
853,Fulton,Whannel,,Male,0008-0844
854,Davey,Roy,droynp@ihg.com,Male,52125-663
855,Lothaire,Huddleston,,Male,10096-0868
856,Delmor,Daveley,ddaveleynr@samsung.com,Male,61748-219
857,Michell,McIlvaney,mmcilvaneyns@mapy.cz,Non-binary,55714-1704
858,Roman,Doddemeede,rdoddemeedent@symantec.com,Male,63777-414
859,Dagmar,Slad,dsladnu@is.gd,Female,48951-4087
860,Maurizia,McCardle,mmccardlenv@china.com.cn,Female,0409-4887
861,Alethea,Bentsen,abentsennw@google.com,Female,0003-1965
862,Conni,Fiddyment,cfiddymentnx@ft.com,Female,50458-864
863,Jenilee,Prys,,Polygender,55533-682
864,Gill,Schwandt,gschwandtnz@rakuten.co.jp,Male,75862-021
865,Suellen,Janous,sjanouso0@cisco.com,Female,0603-3442
866,Kale,Attridge,kattridgeo1@google.de,Male,76151-251
867,Halie,McGenn,hmcgenno2@domainmarket.com,Genderqueer,63187-021
868,Daron,Niset,dniseto3@upenn.edu,Genderfluid,55154-5389
869,York,Marlor,,Male,63323-649
870,Jazmin,Ziemen,jziemeno5@acquirethisname.com,Agender,61722-063
871,Bourke,Syplus,,Male,61380-313
872,Gerome,Sainz,gsainzo7@arizona.edu,Male,49614-188
873,Sigismund,Laugherane,slaugheraneo8@webs.com,Male,35356-906
874,Kendal,Mumbeson,kmumbesono9@google.de,Male,10812-402
875,Rudolfo,Rew,,Male,54569-0570
876,Darryl,Potter,dpotterob@newsvine.com,Female,50988-451
877,Joachim,Ogborn,jogbornoc@china.com.cn,Male,60505-2584
878,Alfonse,Tindley,,Male,46122-111
879,Westbrooke,Orvis,worvisoe@canalblog.com,Male,76063-773
880,Lusa,Golden of Ireland,lgoldenofirelandof@drupal.org,Female,37808-200
881,Asia,Metschke,ametschkeog@unesco.org,Female,50563-178
882,Chlo,Eggins,,Female,16590-421
883,Cordell,Drewett,cdrewettoi@woothemes.com,Male,41520-133
884,Rhiamon,Adderley,radderleyoj@yolasite.com,Female,64980-302
885,Alison,Fraulo,afraulook@oracle.com,Female,35356-891
886,Norean,Gregor,ngregorol@163.com,Female,66467-2120
887,Alic,Yakolev,ayakolevom@virginia.edu,Male,51808-203
888,Town,Ribey,tribeyon@ustream.tv,Male,0002-8770
889,Martainn,Swindell,mswindelloo@economist.com,Male,24236-609
890,Zachary,Riply,zriplyop@google.ru,Male,52533-198
891,Tandie,Jozsef,tjozsefoq@uiuc.edu,Female,53145-302
892,Norbie,Gillham,ngillhamor@amazon.co.jp,Male,11822-0456
893,Barnett,Lamyman,blamymanos@unicef.org,Male,60258-850
894,Doe,Ziebart,dziebartot@baidu.com,Female,61957-0002
895,Inglebert,Grunbaum,igrunbaumou@earthlink.net,Male,66435-103
896,Lura,Kensall,lkensallov@oakley.com,Female,49035-384
897,Roland,Thamelt,rthameltow@bigcartel.com,Male,13537-287
898,Jessy,Hinchon,jhinchonox@pcworld.com,Female,43406-0005
899,Dorry,Bernhardi,dbernhardioy@liveinternet.ru,Female,55154-2391
900,Angelia,Farfull,afarfulloz@fastcompany.com,Female,0363-0603
901,Yolanthe,Dillingstone,ydillingstonep0@illinois.edu,Female,48951-1163
902,Eldridge,Pettiford,epettifordp1@sciencedaily.com,Male,53808-0234
903,Colet,Riddett,criddettp2@soundcloud.com,Male,54868-6112
904,Frederik,Vanyarkin,fvanyarkinp3@shinystat.com,Male,49738-955
905,Janella,Karpychev,jkarpychevp4@sphinn.com,Female,64725-0007
906,Max,Gullivan,mgullivanp5@usgs.gov,Male,60681-1235
907,Olga,Jantet,ojantetp6@cmu.edu,Female,49349-296
908,Chic,Lowres,clowresp7@whitehouse.gov,Male,13537-028
909,Jone,Wemyss,jwemyssp8@tumblr.com,Genderqueer,53746-194
910,Linn,de Bullion,ldebullionp9@moonfruit.com,Male,59667-0088
911,Reynold,Petkov,rpetkovpa@intel.com,Male,31722-526
912,Gordy,Warlawe,gwarlawepb@infoseek.co.jp,Male,35356-526
913,Wilbur,Bundey,wbundeypc@bbc.co.uk,Male,53808-0205
914,Clari,Heald,chealdpd@de.vu,Female,76214-030
915,Solomon,Pell,spellpe@accuweather.com,Male,10019-035
916,Vinni,Stockney,vstockneypf@slate.com,Female,41190-161
917,Eunice,Ferrand,eferrandpg@tinypic.com,Female,76420-742
918,Hercules,Vidgeon,hvidgeonph@seesaa.net,Male,0378-0424
919,Merrile,Pittwood,mpittwoodpi@ycombinator.com,Female,46122-194
920,Nero,Labbati,nlabbatipj@myspace.com,Male,49401-103
921,Rockie,Prater,rpraterpk@51.la,Male,55128-001
922,Micaela,Fattori,mfattoripl@sciencedaily.com,Female,10237-745
923,Mirilla,Poolman,mpoolmanpm@nhs.uk,Female,0245-0169
924,Ryann,Brunroth,,Female,76446-006
925,Oralia,Court,ocourtpo@mysql.com,Female,49884-277
926,Abby,Nenci,anencipp@canalblog.com,Male,58331-030
927,Dorian,Forman,dformanpq@cyberchimps.com,Female,45963-305
928,Reginauld,Dannatt,rdannattpr@columbia.edu,Male,49349-430
929,Austina,Roebottom,aroebottomps@constantcontact.com,Female,10356-556
930,Esta,Gethyn,egethynpt@cbslocal.com,Female,11673-145
931,Willard,Philipeau,wphilipeaupu@fotki.com,Male,68788-9177
932,Lukas,Meco,lmecopv@marriott.com,Male,60429-205
933,Gaile,Gorry,ggorrypw@si.edu,Male,43068-113
934,Beulah,Roget,brogetpx@dropbox.com,Female,68382-762
935,Sharron,Copyn,scopynpy@wiley.com,Female,47202-1142
936,Mozelle,Anselmi,manselmipz@bigcartel.com,Female,11822-6190
937,Katusha,Bonhill,kbonhillq0@blinklist.com,Female,49738-805
938,Blaine,Idle,,Male,64117-173
939,Grethel,MacNeillie,gmacneillieq2@apache.org,Female,43419-030
940,Van,Polon,vpolonq3@people.com.cn,Female,68788-9799
941,Bertha,Weine,bweineq4@cbsnews.com,Female,36987-2538
942,Estella,Ortell,eortellq5@apple.com,Female,43063-036
943,Buckie,Breakspear,bbreakspearq6@yellowbook.com,Bigender,0259-1420
944,Jessey,Furzey,,Male,35356-172
945,Bjorn,Kellough,bkelloughq8@yahoo.com,Male,43063-496
946,Hamnet,Chaudrelle,hchaudrelleq9@nymag.com,Male,65862-084
947,Jermayne,Olivello,jolivelloqa@cdbaby.com,Male,43742-0365
948,Tresa,Brastead,tbrasteadqb@printfriendly.com,Female,43857-0191
949,Cordelia,Marsh,cmarshqc@wiley.com,Female,60505-2615
950,Trevar,McNeigh,tmcneighqd@yale.edu,Male,66184-455
951,Bertina,Aguirrezabal,baguirrezabalqe@paypal.com,Female,63323-652
952,Lauryn,Biskupiak,lbiskupiakqf@furl.net,Female,55315-245
953,Elberta,Comoletti,ecomolettiqg@cnbc.com,Female,0053-6871
954,Reinaldo,Bambrick,rbambrickqh@purevolume.com,Male,59910-0001
955,Adrian,Nudd,anuddqi@examiner.com,Male,43479-203
956,Barnaby,Lamb-shine,blambshineqj@seattletimes.com,Male,51285-408
957,Harlie,Bes,hbesqk@google.cn,Female,59883-168
958,Kamillah,Shakle,kshakleql@imgur.com,Female,29500-1000
959,Berti,Behne,,Male,52125-787
960,Olin,Arran,oarranqn@state.tx.us,Male,61589-3814
961,Katy,Durak,kdurakqo@i2i.jp,Female,63824-171
962,Deloria,Pagnin,dpagninqp@moonfruit.com,Female,65862-112
963,Lenka,Lyttle,llyttleqq@amazon.de,Female,36987-2931
964,Lilli,Quiddihy,,Female,49349-548
965,Cedric,Kairns,ckairnsqs@1688.com,Male,52533-165
966,Mackenzie,Cawdron,mcawdronqt@google.ru,Male,49288-0336
967,Moise,Fookes,mfookesqu@chicagotribune.com,Male,52763-501
968,Desmund,Kless,dklessqv@thetimes.co.uk,Male,23635-582
969,Gillan,Follan,gfollanqw@over-blog.com,Female,54868-0049
970,Regan,Dignan,rdignanqx@cdbaby.com,Male,0186-5022
971,Maud,St. Quentin,mstquentinqy@msu.edu,Female,53645-1000
972,Bruis,Peepall,bpeepallqz@cdbaby.com,Male,59572-504
973,Emma,Tunnicliff,etunnicliffr0@washingtonpost.com,Female,42291-251
974,Sheffield,Donoghue,,Male,16590-221
975,Humbert,Andrat,handratr2@issuu.com,Male,44087-8822
976,Ulrick,Mulran,umulranr3@umich.edu,Male,43063-244
977,Marlon,Phelps,mphelpsr4@etsy.com,Male,63868-453
978,Danit,Thorogood,dthorogoodr5@slate.com,Female,55154-2090
979,Ruthy,Arundel,rarundelr6@cbslocal.com,Female,10202-751
980,Joleen,Hedderly,,Female,63629-1559
981,Esdras,Rannells,erannellsr8@sciencedirect.com,Male,0049-3160
982,Thaddus,Higbin,thigbinr9@linkedin.com,Male,0091-7429
983,Tabina,Degli Abbati,tdegliabbatira@nsw.gov.au,Female,36987-1698
984,Paxon,Bryenton,pbryentonrb@java.com,Male,65483-702
985,Ernie,Jovicic,ejovicicrc@purevolume.com,Male,0363-0190
986,Averil,Garvie,agarvierd@netvibes.com,Male,37808-010
987,Normie,Swadon,nswadonre@abc.net.au,Male,43473-802
988,Lavena,Coxall,lcoxallrf@arizona.edu,Female,67015-0002
989,Jamey,Keinrat,jkeinratrg@studiopress.com,Male,57337-046
990,Adelind,Sokale,asokalerh@ftc.gov,Female,63323-019
991,Natal,Brun,nbrunri@tripod.com,Non-binary,60505-0164
992,Talia,Castagnet,tcastagnetrj@scientificamerican.com,Genderfluid,43353-838
993,Hildy,Broad,,Female,36987-2097
994,Curcio,Fairn,cfairnrl@netlog.com,Male,49349-180
995,Berkly,Harbord,bharbordrm@wisc.edu,Male,49348-274
996,Emmott,Carwardine,ecarwardinern@indiatimes.com,Male,55111-695
997,Jo,Brennen,jbrennenro@friendfeed.com,Polygender,59021-011
998,Zachary,Eberdt,,Male,10733-395
999,Tabby,Jankiewicz,tjankiewiczrq@chicagotribune.com,Male,67544-475
1000,Allsun,Antoniewicz,aantoniewiczrr@privacy.gov.au,Female,54569-4026
